workbook,source_key,variable,source_name,source_url,landing_url,citation,n_obs,n_countries,iso3_list,year_min,year_max,url_id,host
FILE1,S2,foreign_born,"UN DESA Population Division, International Migrant Stock 2024: Total destination, Table 1",https://www.un.org/development/desa/pd/sites/www.un.org.development.desa.pd/files/undesa_pd_2024_ims_stock_by_sex_and_destination.xlsx,https://www.un.org/development/desa/pd/content/international-migrant-stock,"United Nations, Department of Economic and Social Affairs, Population Division (2024). International Migrant Stock 2024: Total destination, Table 1 (international migrant stock at mid-year, both sexes combined).",120,40,AUS;AUT;BEL;BGR;CHE;CHL;CHN;CZE;DEU;DNK;ESP;FIN;FRA;GBR;HRV;HUN;IND;ISL;ISR;ITA;JPN;KOR;LTU;MEX;NLD;NOR;NZL;PHL;POL;PRT;RUS;SUR;SVK;SVN;SWE;THA;TUR;TWN;USA;ZAF,2010,2020,fcd1d03d,www.un.org
FILE1,S3,irregular,"Eurostat MIGR_EIPRE, Third-country nationals found to be illegally present – annual data (rounded)",https://ec.europa.eu/eurostat/api/dissemination/statistics/1.0/data/migr_eipre?freq=A&reason=TOTAL&apprehen=TOTAL&citizen=TOTAL&sex=T&age=TOTAL&unit=PER&geo=AT&lang=en,https://ec.europa.eu/eurostat/cache/metadata/en/migr_eil_esms.htm,"Eurostat dataset MIGR_EIPRE, Third-country nationals found to be illegally present – annual data (rounded), DOI: 10.2908/MIGR_EIPRE.",13,1,AUT,2010,2022,4d2bbc20,ec.europa.eu
FILE1,S3,irregular,"Eurostat MIGR_EIPRE, Third-country nationals found to be illegally present – annual data (rounded)",https://ec.europa.eu/eurostat/api/dissemination/statistics/1.0/data/migr_eipre?freq=A&reason=TOTAL&apprehen=TOTAL&citizen=TOTAL&sex=T&age=TOTAL&unit=PER&geo=BE&lang=en,https://ec.europa.eu/eurostat/cache/metadata/en/migr_eil_esms.htm,"Eurostat dataset MIGR_EIPRE, Third-country nationals found to be illegally present – annual data (rounded), DOI: 10.2908/MIGR_EIPRE.",13,1,BEL,2010,2022,96864f16,ec.europa.eu
FILE1,S3,irregular,"Eurostat MIGR_EIPRE, Third-country nationals found to be illegally present – annual data (rounded)",https://ec.europa.eu/eurostat/api/dissemination/statistics/1.0/data/migr_eipre?freq=A&reason=TOTAL&apprehen=TOTAL&citizen=TOTAL&sex=T&age=TOTAL&unit=PER&geo=BG&lang=en,https://ec.europa.eu/eurostat/cache/metadata/en/migr_eil_esms.htm,"Eurostat dataset MIGR_EIPRE, Third-country nationals found to be illegally present – annual data (rounded), DOI: 10.2908/MIGR_EIPRE.",13,1,BGR,2010,2022,3e16572d,ec.europa.eu
FILE1,S3,irregular,"Eurostat MIGR_EIPRE, Third-country nationals found to be illegally present – annual data (rounded)",https://ec.europa.eu/eurostat/api/dissemination/statistics/1.0/data/migr_eipre?freq=A&reason=TOTAL&apprehen=TOTAL&citizen=TOTAL&sex=T&age=TOTAL&unit=PER&geo=CH&lang=en,https://ec.europa.eu/eurostat/cache/metadata/en/migr_eil_esms.htm,"Eurostat dataset MIGR_EIPRE, Third-country nationals found to be illegally present – annual data (rounded), DOI: 10.2908/MIGR_EIPRE.",13,1,CHE,2010,2022,51fcab4e,ec.europa.eu
FILE1,S3,irregular,"Eurostat MIGR_EIPRE, Third-country nationals found to be illegally present – annual data (rounded)",https://ec.europa.eu/eurostat/api/dissemination/statistics/1.0/data/migr_eipre?freq=A&reason=TOTAL&apprehen=TOTAL&citizen=TOTAL&sex=T&age=TOTAL&unit=PER&geo=CZ&lang=en,https://ec.europa.eu/eurostat/cache/metadata/en/migr_eil_esms.htm,"Eurostat dataset MIGR_EIPRE, Third-country nationals found to be illegally present – annual data (rounded), DOI: 10.2908/MIGR_EIPRE.",13,1,CZE,2010,2022,6a9c4385,ec.europa.eu
FILE1,S3,irregular,"Eurostat MIGR_EIPRE, Third-country nationals found to be illegally present – annual data (rounded)",https://ec.europa.eu/eurostat/api/dissemination/statistics/1.0/data/migr_eipre?freq=A&reason=TOTAL&apprehen=TOTAL&citizen=TOTAL&sex=T&age=TOTAL&unit=PER&geo=DE&lang=en,https://ec.europa.eu/eurostat/cache/metadata/en/migr_eil_esms.htm,"Eurostat dataset MIGR_EIPRE, Third-country nationals found to be illegally present – annual data (rounded), DOI: 10.2908/MIGR_EIPRE.",13,1,DEU,2010,2022,849231b5,ec.europa.eu
FILE1,S3,irregular,"Eurostat MIGR_EIPRE, Third-country nationals found to be illegally present – annual data (rounded)",https://ec.europa.eu/eurostat/api/dissemination/statistics/1.0/data/migr_eipre?freq=A&reason=TOTAL&apprehen=TOTAL&citizen=TOTAL&sex=T&age=TOTAL&unit=PER&geo=DK&lang=en,https://ec.europa.eu/eurostat/cache/metadata/en/migr_eil_esms.htm,"Eurostat dataset MIGR_EIPRE, Third-country nationals found to be illegally present – annual data (rounded), DOI: 10.2908/MIGR_EIPRE.",13,1,DNK,2010,2022,56dfd883,ec.europa.eu
FILE1,S3,irregular,"Eurostat MIGR_EIPRE, Third-country nationals found to be illegally present – annual data (rounded)",https://ec.europa.eu/eurostat/api/dissemination/statistics/1.0/data/migr_eipre?freq=A&reason=TOTAL&apprehen=TOTAL&citizen=TOTAL&sex=T&age=TOTAL&unit=PER&geo=ES&lang=en,https://ec.europa.eu/eurostat/cache/metadata/en/migr_eil_esms.htm,"Eurostat dataset MIGR_EIPRE, Third-country nationals found to be illegally present – annual data (rounded), DOI: 10.2908/MIGR_EIPRE.",13,1,ESP,2010,2022,bb5b8299,ec.europa.eu
FILE1,S3,irregular,"Eurostat MIGR_EIPRE, Third-country nationals found to be illegally present – annual data (rounded)",https://ec.europa.eu/eurostat/api/dissemination/statistics/1.0/data/migr_eipre?freq=A&reason=TOTAL&apprehen=TOTAL&citizen=TOTAL&sex=T&age=TOTAL&unit=PER&geo=FI&lang=en,https://ec.europa.eu/eurostat/cache/metadata/en/migr_eil_esms.htm,"Eurostat dataset MIGR_EIPRE, Third-country nationals found to be illegally present – annual data (rounded), DOI: 10.2908/MIGR_EIPRE.",13,1,FIN,2010,2022,3f0a95f3,ec.europa.eu
FILE1,S3,irregular,"Eurostat MIGR_EIPRE, Third-country nationals found to be illegally present – annual data (rounded)",https://ec.europa.eu/eurostat/api/dissemination/statistics/1.0/data/migr_eipre?freq=A&reason=TOTAL&apprehen=TOTAL&citizen=TOTAL&sex=T&age=TOTAL&unit=PER&geo=FR&lang=en,https://ec.europa.eu/eurostat/cache/metadata/en/migr_eil_esms.htm,"Eurostat dataset MIGR_EIPRE, Third-country nationals found to be illegally present – annual data (rounded), DOI: 10.2908/MIGR_EIPRE.",13,1,FRA,2010,2022,6c6eb9fd,ec.europa.eu
FILE1,S3,irregular,"Eurostat MIGR_EIPRE, Third-country nationals found to be illegally present – annual data (rounded)",https://ec.europa.eu/eurostat/api/dissemination/statistics/1.0/data/migr_eipre?freq=A&reason=TOTAL&apprehen=TOTAL&citizen=TOTAL&sex=T&age=TOTAL&unit=PER&geo=HU&lang=en,https://ec.europa.eu/eurostat/cache/metadata/en/migr_eil_esms.htm,"Eurostat dataset MIGR_EIPRE, Third-country nationals found to be illegally present – annual data (rounded), DOI: 10.2908/MIGR_EIPRE.",13,1,HUN,2010,2022,1c8e11ab,ec.europa.eu
FILE1,S3,irregular,"Eurostat MIGR_EIPRE, Third-country nationals found to be illegally present – annual data (rounded)",https://ec.europa.eu/eurostat/api/dissemination/statistics/1.0/data/migr_eipre?freq=A&reason=TOTAL&apprehen=TOTAL&citizen=TOTAL&sex=T&age=TOTAL&unit=PER&geo=IT&lang=en,https://ec.europa.eu/eurostat/cache/metadata/en/migr_eil_esms.htm,"Eurostat dataset MIGR_EIPRE, Third-country nationals found to be illegally present – annual data (rounded), DOI: 10.2908/MIGR_EIPRE.",13,1,ITA,2010,2022,f75230c8,ec.europa.eu
FILE1,S3,irregular,"Eurostat MIGR_EIPRE, Third-country nationals found to be illegally present – annual data (rounded)",https://ec.europa.eu/eurostat/api/dissemination/statistics/1.0/data/migr_eipre?freq=A&reason=TOTAL&apprehen=TOTAL&citizen=TOTAL&sex=T&age=TOTAL&unit=PER&geo=LT&lang=en,https://ec.europa.eu/eurostat/cache/metadata/en/migr_eil_esms.htm,"Eurostat dataset MIGR_EIPRE, Third-country nationals found to be illegally present – annual data (rounded), DOI: 10.2908/MIGR_EIPRE.",13,1,LTU,2010,2022,17319ffe,ec.europa.eu
FILE1,S3,irregular,"Eurostat MIGR_EIPRE, Third-country nationals found to be illegally present – annual data (rounded)",https://ec.europa.eu/eurostat/api/dissemination/statistics/1.0/data/migr_eipre?freq=A&reason=TOTAL&apprehen=TOTAL&citizen=TOTAL&sex=T&age=TOTAL&unit=PER&geo=NL&lang=en,https://ec.europa.eu/eurostat/cache/metadata/en/migr_eil_esms.htm,"Eurostat dataset MIGR_EIPRE, Third-country nationals found to be illegally present – annual data (rounded), DOI: 10.2908/MIGR_EIPRE.",13,1,NLD,2010,2022,feb69392,ec.europa.eu
FILE1,S3,irregular,"Eurostat MIGR_EIPRE, Third-country nationals found to be illegally present – annual data (rounded)",https://ec.europa.eu/eurostat/api/dissemination/statistics/1.0/data/migr_eipre?freq=A&reason=TOTAL&apprehen=TOTAL&citizen=TOTAL&sex=T&age=TOTAL&unit=PER&geo=NO&lang=en,https://ec.europa.eu/eurostat/cache/metadata/en/migr_eil_esms.htm,"Eurostat dataset MIGR_EIPRE, Third-country nationals found to be illegally present – annual data (rounded), DOI: 10.2908/MIGR_EIPRE.",13,1,NOR,2010,2022,4234039c,ec.europa.eu
FILE1,S3,irregular,"Eurostat MIGR_EIPRE, Third-country nationals found to be illegally present – annual data (rounded)",https://ec.europa.eu/eurostat/api/dissemination/statistics/1.0/data/migr_eipre?freq=A&reason=TOTAL&apprehen=TOTAL&citizen=TOTAL&sex=T&age=TOTAL&unit=PER&geo=PL&lang=en,https://ec.europa.eu/eurostat/cache/metadata/en/migr_eil_esms.htm,"Eurostat dataset MIGR_EIPRE, Third-country nationals found to be illegally present – annual data (rounded), DOI: 10.2908/MIGR_EIPRE.",13,1,POL,2010,2022,200fe8aa,ec.europa.eu
FILE1,S3,irregular,"Eurostat MIGR_EIPRE, Third-country nationals found to be illegally present – annual data (rounded)",https://ec.europa.eu/eurostat/api/dissemination/statistics/1.0/data/migr_eipre?freq=A&reason=TOTAL&apprehen=TOTAL&citizen=TOTAL&sex=T&age=TOTAL&unit=PER&geo=PT&lang=en,https://ec.europa.eu/eurostat/cache/metadata/en/migr_eil_esms.htm,"Eurostat dataset MIGR_EIPRE, Third-country nationals found to be illegally present – annual data (rounded), DOI: 10.2908/MIGR_EIPRE.",13,1,PRT,2010,2022,c17fbd3d,ec.europa.eu
FILE1,S3,irregular,"Eurostat MIGR_EIPRE, Third-country nationals found to be illegally present – annual data (rounded)",https://ec.europa.eu/eurostat/api/dissemination/statistics/1.0/data/migr_eipre?freq=A&reason=TOTAL&apprehen=TOTAL&citizen=TOTAL&sex=T&age=TOTAL&unit=PER&geo=SE&lang=en,https://ec.europa.eu/eurostat/cache/metadata/en/migr_eil_esms.htm,"Eurostat dataset MIGR_EIPRE, Third-country nationals found to be illegally present – annual data (rounded), DOI: 10.2908/MIGR_EIPRE.",13,1,SWE,2010,2022,ab3609a9,ec.europa.eu
FILE1,S3,irregular,"Eurostat MIGR_EIPRE, Third-country nationals found to be illegally present – annual data (rounded)",https://ec.europa.eu/eurostat/api/dissemination/statistics/1.0/data/migr_eipre?freq=A&reason=TOTAL&apprehen=TOTAL&citizen=TOTAL&sex=T&age=TOTAL&unit=PER&geo=SI&lang=en,https://ec.europa.eu/eurostat/cache/metadata/en/migr_eil_esms.htm,"Eurostat dataset MIGR_EIPRE, Third-country nationals found to be illegally present – annual data (rounded), DOI: 10.2908/MIGR_EIPRE.",13,1,SVN,2010,2022,d5ad774c,ec.europa.eu
FILE1,S3,irregular,"Eurostat MIGR_EIPRE, Third-country nationals found to be illegally present – annual data (rounded)",https://ec.europa.eu/eurostat/api/dissemination/statistics/1.0/data/migr_eipre?freq=A&reason=TOTAL&apprehen=TOTAL&citizen=TOTAL&sex=T&age=TOTAL&unit=PER&geo=SK&lang=en,https://ec.europa.eu/eurostat/cache/metadata/en/migr_eil_esms.htm,"Eurostat dataset MIGR_EIPRE, Third-country nationals found to be illegally present – annual data (rounded), DOI: 10.2908/MIGR_EIPRE.",13,1,SVK,2010,2022,c9e9c715,ec.europa.eu
FILE1,S3,irregular,"Eurostat MIGR_EIPRE, Third-country nationals found to be illegally present – annual data (rounded)",https://ec.europa.eu/eurostat/api/dissemination/statistics/1.0/data/migr_eipre?freq=A&reason=TOTAL&apprehen=TOTAL&citizen=TOTAL&sex=T&age=TOTAL&unit=PER&geo=HR&lang=en,https://ec.europa.eu/eurostat/cache/metadata/en/migr_eil_esms.htm,"Eurostat dataset MIGR_EIPRE, Third-country nationals found to be illegally present – annual data (rounded), DOI: 10.2908/MIGR_EIPRE.",10,1,HRV,2013,2022,8301c50d,ec.europa.eu
FILE1,S4,irregular,"Pew Research Center, Immigrants in America: Key Charts and Facts (2020)",https://www.pewresearch.org/hispanic/2020/08/20/facts-on-u-s-immigrants/,https://www.pewresearch.org/hispanic/2020/08/20/facts-on-u-s-immigrants/,"Pew Research Center (2020). Immigrants in America: Key Charts and Facts. Unauthorized immigrant population estimates for 2010–2017, based on augmented U.S. Census Bureau data.",8,1,USA,2010,2017,4dd896a9,www.pewresearch.org
FILE1,S11,irregular,Taiwan Legislative Yuan report citing National Immigration Agency data (2019),https://www.ly.gov.tw/Pages/Detail.aspx?nodeid=33342&pid=184411,https://www.ly.gov.tw/,"Taiwan Legislative Yuan (2019). Population aging, immigration policy and budget execution: Table 11, overdue-stay/overdue-residence foreign population, 2012–2018 year-end data, based on National Immigration Agency data.",7,1,TWN,2012,2018,539a03cf,www.ly.gov.tw
FILE1,S8,irregular,"Japan Immigration Services Agency, Immigration Control in Recent Years (historical report)",https://www.moj.go.jp/isa/content/930003133.pdf,https://www.moj.go.jp/isa/policies/statistics/,"Japan Immigration Services Agency (2015). Immigration Control in Recent Years, Table 21: changes in the estimated number of foreign nationals overstaying the authorized period of stay, 1 January 2010–2015.",6,1,JPN,2010,2015,ccfa80d7,www.moj.go.jp
FILE1,S3,irregular,"Eurostat MIGR_EIPRE, Third-country nationals found to be illegally present – annual data (rounded)",https://ec.europa.eu/eurostat/api/dissemination/statistics/1.0/data/migr_eipre?freq=A&reason=TOTAL&apprehen=TOTAL&citizen=TOTAL&sex=T&age=TOTAL&unit=PER&geo=IS&lang=en,https://ec.europa.eu/eurostat/cache/metadata/en/migr_eil_esms.htm,"Eurostat dataset MIGR_EIPRE, Third-country nationals found to be illegally present – annual data (rounded), DOI: 10.2908/MIGR_EIPRE.",4,1,ISL,2016,2021,0fdb8425,ec.europa.eu
FILE1,S12,irregular,Taiwan Legislative Yuan report citing National Immigration Agency data (2021),https://www.ly.gov.tw/Pages/Detail.aspx?nodeid=45128&pid=211927,https://www.ly.gov.tw/,"Taiwan Legislative Yuan (2021). Foreign population overstaying and missing-person management: Table 1, 2017–2020 year-end data and April 2021 snapshot, based on National Immigration Agency data.",3,1,TWN,2019,2021,40806cb9,www.ly.gov.tw
FILE1,S10,irregular,"Korea Ministry of Justice, annual illegal-stay foreigner statistics",https://www.moj.go.kr/moj/2415/subview.do,https://www.moj.go.kr/moj/2415/subview.do,"Republic of Korea Ministry of Justice (2026). Annual status of illegal-stay foreigners (registered + short-term + residence), 2021–2025 table; 2021 and 2022 totals summed from the official components.",2,1,KOR,2021,2022,be27eb2d,www.moj.go.kr
FILE1,S5,irregular,"Pew Research Center, What we know about unauthorized immigrants living in the U.S. (2024)",https://www.pewresearch.org/short-reads/2024/07/22/what-we-know-about-unauthorized-immigrants-living-in-the-us/,https://www.pewresearch.org/short-reads/2024/07/22/what-we-know-about-unauthorized-immigrants-living-in-the-us/,"Pew Research Center (2024). What we know about unauthorized immigrants living in the U.S. Estimates for 2021 and 2022, based on a residual method using Census/ACS and administrative data.",2,1,USA,2021,2022,4b5c514e,www.pewresearch.org
FILE1,S7,irregular,"Australian Department of Immigration and Border Protection, Annual Report 2015–16",https://www.homeaffairs.gov.au/reports-and-pubs/Annualreports/dibp-annual-report-2015-16.pdf,https://www.homeaffairs.gov.au/reports-and-pubs/Pages/Annual-reports.aspx,"Australian Department of Immigration and Border Protection (2016). Annual Report 2015–16, p. 51: number of unlawful non-citizens in the community at 30 June 2015 and 30 June 2016.",2,1,AUS,2015,2016,9fcb57f0,www.homeaffairs.gov.au
FILE1,S9,irregular,"Japan Immigration Services Agency, Immigration Control and Residency Management 2022",https://www.moj.go.jp/isa/content/001385114.pdf,https://www.moj.go.jp/isa/publications/,"Japan Immigration Services Agency (2023). Immigration Control and Residency Management 2022, number of foreign nationals overstaying their authorized period of stay as of 1 January 2022 (66,759); the report gives the prior-year comparison.",2,1,JPN,2021,2022,cccd1ea0,www.moj.go.jp
FILE1,S6,irregular,"Australian Department of Immigration and Citizenship, Trends in Migration: Australia 2010–11, Table 11",https://www.homeaffairs.gov.au/research-and-stats/files/trends-in-migration-2010-11.pdf,https://www.homeaffairs.gov.au/research-and-stats/,"Australian Department of Immigration and Citizenship (2012). Trends in Migration: Australia 2010–11, Table 11: Estimate of unlawful non-citizens in Australia at 30 June 2011.",1,1,AUS,2011,2011,4ff1da10,www.homeaffairs.gov.au
FILE1,S1,population,"UN DESA Population Division, World Population Prospects 2024 (compact demographic indicators)",https://population.un.org/wpp/assets/Excel%20Files/1_Indicator%20(Standard)/EXCEL_FILES/1_General/WPP2024_GEN_F01_DEMOGRAPHIC_INDICATORS_COMPACT.xlsx,https://population.un.org/wpp/,"United Nations, Department of Economic and Social Affairs, Population Division (2024). World Population Prospects 2024, Online Edition. Population variable: Total Population, as of 1 July (thousands), converted to persons.",520,40,AUS;AUT;BEL;BGR;CHE;CHL;CHN;CZE;DEU;DNK;ESP;FIN;FRA;GBR;HRV;HUN;IND;ISL;ISR;ITA;JPN;KOR;LTU;MEX;NLD;NOR;NZL;PHL;POL;PRT;RUS;SUR;SVK;SVN;SWE;THA;TUR;TWN;USA;ZAF,2010,2022,5112b246,population.un.org
FILE2,,foreign_born,UN DESA International Migrant Stock (World Bank indicator SM.POP.TOTL),https://api.worldbank.org/v2/country/CHN;IND;PHL;RUS;ZAF;SUR;THA/indicator/SM.POP.TOTL?format=json&date=2010:2022&per_page=200,,,21,7,CHN;IND;PHL;RUS;SUR;THA;ZAF,2010,2020,fbceea7b,api.worldbank.org
FILE2,,foreign_born,Eurostat [migr_pop3ctb],https://ec.europa.eu/eurostat/api/dissemination/statistics/1.0/data/migr_pop3ctb?format=JSON&lang=EN&geo=AT&age=TOTAL&sex=T&unit=NR&c_birth=FOR&sinceTimePeriod=2010&untilTimePeriod=2022,,,13,1,AUT,2010,2022,0286c815,ec.europa.eu
FILE2,,foreign_born,Eurostat [migr_pop3ctb],https://ec.europa.eu/eurostat/api/dissemination/statistics/1.0/data/migr_pop3ctb?format=JSON&lang=EN&geo=BE&age=TOTAL&sex=T&unit=NR&c_birth=FOR&sinceTimePeriod=2010&untilTimePeriod=2022,,,13,1,BEL,2010,2022,969c90d3,ec.europa.eu
FILE2,,foreign_born,Eurostat [migr_pop3ctb],https://ec.europa.eu/eurostat/api/dissemination/statistics/1.0/data/migr_pop3ctb?format=JSON&lang=EN&geo=CZ&age=TOTAL&sex=T&unit=NR&c_birth=FOR&sinceTimePeriod=2010&untilTimePeriod=2022,,,13,1,CZE,2010,2022,b2aa6b17,ec.europa.eu
FILE2,,foreign_born,Eurostat [migr_pop3ctb],https://ec.europa.eu/eurostat/api/dissemination/statistics/1.0/data/migr_pop3ctb?format=JSON&lang=EN&geo=DE&age=TOTAL&sex=T&unit=NR&c_birth=FOR&sinceTimePeriod=2010&untilTimePeriod=2022,,,13,1,DEU,2010,2022,e39f9885,ec.europa.eu
FILE2,,foreign_born,Eurostat [migr_pop3ctb],https://ec.europa.eu/eurostat/api/dissemination/statistics/1.0/data/migr_pop3ctb?format=JSON&lang=EN&geo=DK&age=TOTAL&sex=T&unit=NR&c_birth=FOR&sinceTimePeriod=2010&untilTimePeriod=2022,,,13,1,DNK,2010,2022,3e3239ec,ec.europa.eu
FILE2,,foreign_born,Eurostat [migr_pop3ctb],https://ec.europa.eu/eurostat/api/dissemination/statistics/1.0/data/migr_pop3ctb?format=JSON&lang=EN&geo=ES&age=TOTAL&sex=T&unit=NR&c_birth=FOR&sinceTimePeriod=2010&untilTimePeriod=2022,,,13,1,ESP,2010,2022,85b8229a,ec.europa.eu
FILE2,,foreign_born,Eurostat [migr_pop3ctb],https://ec.europa.eu/eurostat/api/dissemination/statistics/1.0/data/migr_pop3ctb?format=JSON&lang=EN&geo=FI&age=TOTAL&sex=T&unit=NR&c_birth=FOR&sinceTimePeriod=2010&untilTimePeriod=2022,,,13,1,FIN,2010,2022,c64c796b,ec.europa.eu
FILE2,,foreign_born,Eurostat [migr_pop3ctb],https://ec.europa.eu/eurostat/api/dissemination/statistics/1.0/data/migr_pop3ctb?format=JSON&lang=EN&geo=FR&age=TOTAL&sex=T&unit=NR&c_birth=FOR&sinceTimePeriod=2010&untilTimePeriod=2022,,,13,1,FRA,2010,2022,99e4ad42,ec.europa.eu
FILE2,,foreign_born,Eurostat [migr_pop3ctb],https://ec.europa.eu/eurostat/api/dissemination/statistics/1.0/data/migr_pop3ctb?format=JSON&lang=EN&geo=HU&age=TOTAL&sex=T&unit=NR&c_birth=FOR&sinceTimePeriod=2010&untilTimePeriod=2022,,,13,1,HUN,2010,2022,1272ada0,ec.europa.eu
FILE2,,foreign_born,Eurostat [migr_pop3ctb],https://ec.europa.eu/eurostat/api/dissemination/statistics/1.0/data/migr_pop3ctb?format=JSON&lang=EN&geo=IS&age=TOTAL&sex=T&unit=NR&c_birth=FOR&sinceTimePeriod=2010&untilTimePeriod=2022,,,13,1,ISL,2010,2022,5a40158d,ec.europa.eu
FILE2,,foreign_born,Eurostat [migr_pop3ctb],https://ec.europa.eu/eurostat/api/dissemination/statistics/1.0/data/migr_pop3ctb?format=JSON&lang=EN&geo=IT&age=TOTAL&sex=T&unit=NR&c_birth=FOR&sinceTimePeriod=2010&untilTimePeriod=2022,,,13,1,ITA,2010,2022,b3940aae,ec.europa.eu
FILE2,,foreign_born,Eurostat [migr_pop3ctb],https://ec.europa.eu/eurostat/api/dissemination/statistics/1.0/data/migr_pop3ctb?format=JSON&lang=EN&geo=LT&age=TOTAL&sex=T&unit=NR&c_birth=FOR&sinceTimePeriod=2010&untilTimePeriod=2022,,,13,1,LTU,2010,2022,2cb54ebf,ec.europa.eu
FILE2,,foreign_born,Eurostat [migr_pop3ctb],https://ec.europa.eu/eurostat/api/dissemination/statistics/1.0/data/migr_pop3ctb?format=JSON&lang=EN&geo=NL&age=TOTAL&sex=T&unit=NR&c_birth=FOR&sinceTimePeriod=2010&untilTimePeriod=2022,,,13,1,NLD,2010,2022,c08ea069,ec.europa.eu
FILE2,,foreign_born,Eurostat [migr_pop3ctb],https://ec.europa.eu/eurostat/api/dissemination/statistics/1.0/data/migr_pop3ctb?format=JSON&lang=EN&geo=NO&age=TOTAL&sex=T&unit=NR&c_birth=FOR&sinceTimePeriod=2010&untilTimePeriod=2022,,,13,1,NOR,2010,2022,9984717f,ec.europa.eu
FILE2,,foreign_born,Eurostat [migr_pop3ctb],https://ec.europa.eu/eurostat/api/dissemination/statistics/1.0/data/migr_pop3ctb?format=JSON&lang=EN&geo=PL&age=TOTAL&sex=T&unit=NR&c_birth=FOR&sinceTimePeriod=2010&untilTimePeriod=2022,,,13,1,POL,2010,2022,09ed40d3,ec.europa.eu
FILE2,,foreign_born,Eurostat [migr_pop3ctb],https://ec.europa.eu/eurostat/api/dissemination/statistics/1.0/data/migr_pop3ctb?format=JSON&lang=EN&geo=PT&age=TOTAL&sex=T&unit=NR&c_birth=FOR&sinceTimePeriod=2010&untilTimePeriod=2022,,,13,1,PRT,2010,2022,93811cc0,ec.europa.eu
FILE2,,foreign_born,Eurostat [migr_pop3ctb],https://ec.europa.eu/eurostat/api/dissemination/statistics/1.0/data/migr_pop3ctb?format=JSON&lang=EN&geo=SE&age=TOTAL&sex=T&unit=NR&c_birth=FOR&sinceTimePeriod=2010&untilTimePeriod=2022,,,13,1,SWE,2010,2022,773d9c0f,ec.europa.eu
FILE2,,foreign_born,Eurostat [migr_pop3ctb],https://ec.europa.eu/eurostat/api/dissemination/statistics/1.0/data/migr_pop3ctb?format=JSON&lang=EN&geo=SI&age=TOTAL&sex=T&unit=NR&c_birth=FOR&sinceTimePeriod=2010&untilTimePeriod=2022,,,13,1,SVN,2010,2022,ef98ffa2,ec.europa.eu
FILE2,,foreign_born,Eurostat [migr_pop3ctb],https://ec.europa.eu/eurostat/api/dissemination/statistics/1.0/data/migr_pop3ctb?format=JSON&lang=EN&geo=SK&age=TOTAL&sex=T&unit=NR&c_birth=FOR&sinceTimePeriod=2010&untilTimePeriod=2022,,,13,1,SVK,2010,2022,399bbe29,ec.europa.eu
FILE2,,foreign_born,"OECD International Migration Database (stocks of foreign-born population, measure B14)","https://sdmx.oecd.org/public/rest/data/OECD.ELS.IMD,DSD_MIG_F@DF_MIG_POPF,1.0/AUS.W.A.B14._T._Z._Z.PS?startPeriod=2010&endPeriod=2022&format=jsondata&dimensionAtObservation=AllDimensions",,,13,1,AUS,2010,2022,41297445,sdmx.oecd.org
FILE2,,foreign_born,"OECD International Migration Database (stocks of foreign-born population, measure B14)","https://sdmx.oecd.org/public/rest/data/OECD.ELS.IMD,DSD_MIG_F@DF_MIG_POPF,1.0/ISR.W.A.B14._T._Z._Z.PS?startPeriod=2010&endPeriod=2022&format=jsondata&dimensionAtObservation=AllDimensions",,,13,1,ISR,2010,2022,c59db127,sdmx.oecd.org
FILE2,,foreign_born,"OECD International Migration Database (stocks of foreign-born population, measure B14)","https://sdmx.oecd.org/public/rest/data/OECD.ELS.IMD,DSD_MIG_F@DF_MIG_POPF,1.0/USA.W.A.B14._T._Z._Z.PS?startPeriod=2010&endPeriod=2022&format=jsondata&dimensionAtObservation=AllDimensions",,,13,1,USA,2010,2022,c40eaf4d,sdmx.oecd.org
FILE2,,foreign_born,Eurostat [migr_pop3ctb],https://ec.europa.eu/eurostat/api/dissemination/statistics/1.0/data/migr_pop3ctb?format=JSON&lang=EN&geo=BG&age=TOTAL&sex=T&unit=NR&c_birth=FOR&sinceTimePeriod=2010&untilTimePeriod=2022,,,12,1,BGR,2011,2022,ad463cdc,ec.europa.eu
FILE2,,foreign_born,Eurostat [migr_pop3ctb],https://ec.europa.eu/eurostat/api/dissemination/statistics/1.0/data/migr_pop3ctb?format=JSON&lang=EN&geo=CH&age=TOTAL&sex=T&unit=NR&c_birth=FOR&sinceTimePeriod=2010&untilTimePeriod=2022,,,12,1,CHE,2011,2022,2da322bb,ec.europa.eu
FILE2,,foreign_born,"OECD International Migration Database (stocks of foreign-born population, measure B14)","https://sdmx.oecd.org/public/rest/data/OECD.ELS.IMD,DSD_MIG_F@DF_MIG_POPF,1.0/CHL.W.A.B14._T._Z._Z.PS?startPeriod=2010&endPeriod=2022&format=jsondata&dimensionAtObservation=AllDimensions",,,11,1,CHL,2010,2022,6b15637e,sdmx.oecd.org
FILE2,,foreign_born,Eurostat [migr_pop3ctb],https://ec.europa.eu/eurostat/api/dissemination/statistics/1.0/data/migr_pop3ctb?format=JSON&lang=EN&geo=HR&age=TOTAL&sex=T&unit=NR&c_birth=FOR&sinceTimePeriod=2010&untilTimePeriod=2022,,,10,1,HRV,2013,2022,54dc36f2,ec.europa.eu
FILE2,,foreign_born,Eurostat [migr_pop3ctb],https://ec.europa.eu/eurostat/api/dissemination/statistics/1.0/data/migr_pop3ctb?format=JSON&lang=EN&geo=UK&age=TOTAL&sex=T&unit=NR&c_birth=FOR&sinceTimePeriod=2010&untilTimePeriod=2022,,,10,1,GBR,2010,2019,3d6878f4,ec.europa.eu
FILE2,,foreign_born,"OECD International Migration Database (stocks of foreign-born population, measure B14)","https://sdmx.oecd.org/public/rest/data/OECD.ELS.IMD,DSD_MIG_F@DF_MIG_POPF,1.0/TUR.W.A.B14._T._Z._Z.PS?startPeriod=2010&endPeriod=2022&format=jsondata&dimensionAtObservation=AllDimensions",,,9,1,TUR,2014,2022,b80c953f,sdmx.oecd.org
FILE2,,foreign_born,"OECD International Migration Database (stocks of foreign-born population, measure B14)","https://sdmx.oecd.org/public/rest/data/OECD.ELS.IMD,DSD_MIG_F@DF_MIG_POPF,1.0/MEX.W.A.B14._T._Z._Z.PS?startPeriod=2010&endPeriod=2022&format=jsondata&dimensionAtObservation=AllDimensions",,,8,1,MEX,2010,2020,f1b23164,sdmx.oecd.org
FILE2,,foreign_born,UN DESA International Migrant Stock (retrieved via World Bank indicator SM.POP.TOTL),https://api.worldbank.org/v2/country/KOR/indicator/SM.POP.TOTL?format=json&date=2010:2022,,,3,1,KOR,2010,2020,7df3fd7d,api.worldbank.org
FILE2,,foreign_born,UN DESA International Migrant Stock (retrieved via World Bank indicator SM.POP.TOTL),https://api.worldbank.org/v2/country/NZL/indicator/SM.POP.TOTL?format=json&date=2010:2022,,,3,1,NZL,2010,2020,a67191b1,api.worldbank.org
FILE2,,foreign_born,"OECD International Migration Database (stocks of foreign-born population, measure B14)","https://sdmx.oecd.org/public/rest/data/OECD.ELS.IMD,DSD_MIG_F@DF_MIG_POPF,1.0/NZL.W.A.B14._T._Z._Z.PS?startPeriod=2010&endPeriod=2022&format=jsondata&dimensionAtObservation=AllDimensions",,,2,1,NZL,2013,2018,20b65043,sdmx.oecd.org
FILE2,,foreign_born,"Chandrasekhar S. and Sharma A., Migration in India: trends and characteristics, Demography India Vol. 51 No. 1 (2022) pp.160-175 (Census of India 2011 place-of-birth data)",https://iasp.ac.in/uploads/journal/10.%20Migration%20in%20India%20trends%20and%20characteristics-1669206793.pdf,,,1,1,IND,2011,2011,e47d3032,iasp.ac.in
FILE2,,foreign_born,"Croatian Bureau of Statistics, Census 2011",https://web.dzs.hr/eng/censuses/census2011/results/htm/e01_01_25/E01_01_25.html,,,1,1,HRV,2011,2011,a2e888f9,web.dzs.hr
FILE2,,foreign_born,General Bureau of Statistics Suriname (ABS) - Census 8 (2012) Volume 1 Demographic and Social Characteristics and Migration,https://statistics-suriname.org/wp-content/uploads/2019/05/Publicatie-Census-8-Volume-1-Demografische-en-Sociale-Karakteristieken-en-Migratie.pdf,,,1,1,SUR,2012,2012,f68b5eee,statistics-suriname.org
FILE2,,foreign_born,"ONS, Population of the UK by country of birth and nationality",https://www.ons.gov.uk/peoplepopulationandcommunity/populationandmigration/internationalmigration/bulletins/ukpopulationbycountryofbirthandnationality/yearendingjune2020,,,1,1,GBR,2020,2020,e1040217,www.ons.gov.uk
FILE2,,foreign_born,"ONS, Population of the UK by country of birth and nationality",https://www.ons.gov.uk/peoplepopulationandcommunity/populationandmigration/internationalmigration/bulletins/ukpopulationbycountryofbirthandnationality/yearendingjune2021,,,1,1,GBR,2021,2021,f269f649,www.ons.gov.uk
FILE2,,foreign_born,Statistics South Africa - Census 2011 (as tabulated in the Census 2022 Statistical Release P0301.4),https://census.statssa.gov.za/assets/documents/2022/P03014_Census_2022_Statistical_Release.pdf,,,1,1,ZAF,2011,2011,c204ed0e,census.statssa.gov.za
FILE2,,foreign_born,Statistics South Africa - Census 2022 Statistical Release P0301.4,https://census.statssa.gov.za/assets/documents/2022/P03014_Census_2022_Statistical_Release.pdf,,,1,1,ZAF,2022,2022,c204ed0e,census.statssa.gov.za
FILE2,,foreign_born,Statistics South Africa - Community Survey 2016 (presented to the UN Expert Forum on International Migration Statistics 2023),https://unstats.un.org/unsd/demographic-social/migrationstat-forum-2023/presentations/E.3/4.Itani-StatsSA.pdf,,,1,1,ZAF,2016,2016,a8ebe1b5,unstats.un.org
FILE2,,foreign_nationals,Eurostat [migr_pop1ctz],https://ec.europa.eu/eurostat/api/dissemination/statistics/1.0/data/migr_pop1ctz?format=JSON&lang=EN&geo=AT&age=TOTAL&sex=T&unit=NR&citizen=FOR_STLS&sinceTimePeriod=2010&untilTimePeriod=2022,,,13,1,AUT,2010,2022,bc1e305e,ec.europa.eu
FILE2,,foreign_nationals,Eurostat [migr_pop1ctz],https://ec.europa.eu/eurostat/api/dissemination/statistics/1.0/data/migr_pop1ctz?format=JSON&lang=EN&geo=BE&age=TOTAL&sex=T&unit=NR&citizen=FOR_STLS&sinceTimePeriod=2010&untilTimePeriod=2022,,,13,1,BEL,2010,2022,56b27a05,ec.europa.eu
FILE2,,foreign_nationals,Eurostat [migr_pop1ctz],https://ec.europa.eu/eurostat/api/dissemination/statistics/1.0/data/migr_pop1ctz?format=JSON&lang=EN&geo=BG&age=TOTAL&sex=T&unit=NR&citizen=FOR_STLS&sinceTimePeriod=2010&untilTimePeriod=2022,,,13,1,BGR,2010,2022,0d4796cf,ec.europa.eu
FILE2,,foreign_nationals,Eurostat [migr_pop1ctz],https://ec.europa.eu/eurostat/api/dissemination/statistics/1.0/data/migr_pop1ctz?format=JSON&lang=EN&geo=CH&age=TOTAL&sex=T&unit=NR&citizen=FOR_STLS&sinceTimePeriod=2010&untilTimePeriod=2022,,,13,1,CHE,2010,2022,db2b14bc,ec.europa.eu
FILE2,,foreign_nationals,Eurostat [migr_pop1ctz],https://ec.europa.eu/eurostat/api/dissemination/statistics/1.0/data/migr_pop1ctz?format=JSON&lang=EN&geo=CZ&age=TOTAL&sex=T&unit=NR&citizen=FOR_STLS&sinceTimePeriod=2010&untilTimePeriod=2022,,,13,1,CZE,2010,2022,3cc52248,ec.europa.eu
FILE2,,foreign_nationals,Eurostat [migr_pop1ctz],https://ec.europa.eu/eurostat/api/dissemination/statistics/1.0/data/migr_pop1ctz?format=JSON&lang=EN&geo=DE&age=TOTAL&sex=T&unit=NR&citizen=FOR_STLS&sinceTimePeriod=2010&untilTimePeriod=2022,,,13,1,DEU,2010,2022,6b16240d,ec.europa.eu
FILE2,,foreign_nationals,Eurostat [migr_pop1ctz],https://ec.europa.eu/eurostat/api/dissemination/statistics/1.0/data/migr_pop1ctz?format=JSON&lang=EN&geo=DK&age=TOTAL&sex=T&unit=NR&citizen=FOR_STLS&sinceTimePeriod=2010&untilTimePeriod=2022,,,13,1,DNK,2010,2022,b463e2e9,ec.europa.eu
FILE2,,foreign_nationals,Eurostat [migr_pop1ctz],https://ec.europa.eu/eurostat/api/dissemination/statistics/1.0/data/migr_pop1ctz?format=JSON&lang=EN&geo=ES&age=TOTAL&sex=T&unit=NR&citizen=FOR_STLS&sinceTimePeriod=2010&untilTimePeriod=2022,,,13,1,ESP,2010,2022,1c2994a7,ec.europa.eu
FILE2,,foreign_nationals,Eurostat [migr_pop1ctz],https://ec.europa.eu/eurostat/api/dissemination/statistics/1.0/data/migr_pop1ctz?format=JSON&lang=EN&geo=FI&age=TOTAL&sex=T&unit=NR&citizen=FOR_STLS&sinceTimePeriod=2010&untilTimePeriod=2022,,,13,1,FIN,2010,2022,97de2f0b,ec.europa.eu
FILE2,,foreign_nationals,Eurostat [migr_pop1ctz],https://ec.europa.eu/eurostat/api/dissemination/statistics/1.0/data/migr_pop1ctz?format=JSON&lang=EN&geo=FR&age=TOTAL&sex=T&unit=NR&citizen=FOR_STLS&sinceTimePeriod=2010&untilTimePeriod=2022,,,13,1,FRA,2010,2022,d7e5c795,ec.europa.eu
FILE2,,foreign_nationals,Eurostat [migr_pop1ctz],https://ec.europa.eu/eurostat/api/dissemination/statistics/1.0/data/migr_pop1ctz?format=JSON&lang=EN&geo=HU&age=TOTAL&sex=T&unit=NR&citizen=FOR_STLS&sinceTimePeriod=2010&untilTimePeriod=2022,,,13,1,HUN,2010,2022,457f1a2a,ec.europa.eu
FILE2,,foreign_nationals,Eurostat [migr_pop1ctz],https://ec.europa.eu/eurostat/api/dissemination/statistics/1.0/data/migr_pop1ctz?format=JSON&lang=EN&geo=IS&age=TOTAL&sex=T&unit=NR&citizen=FOR_STLS&sinceTimePeriod=2010&untilTimePeriod=2022,,,13,1,ISL,2010,2022,47dcf92c,ec.europa.eu
FILE2,,foreign_nationals,Eurostat [migr_pop1ctz],https://ec.europa.eu/eurostat/api/dissemination/statistics/1.0/data/migr_pop1ctz?format=JSON&lang=EN&geo=IT&age=TOTAL&sex=T&unit=NR&citizen=FOR_STLS&sinceTimePeriod=2010&untilTimePeriod=2022,,,13,1,ITA,2010,2022,a3dfa99b,ec.europa.eu
FILE2,,foreign_nationals,Eurostat [migr_pop1ctz],https://ec.europa.eu/eurostat/api/dissemination/statistics/1.0/data/migr_pop1ctz?format=JSON&lang=EN&geo=LT&age=TOTAL&sex=T&unit=NR&citizen=FOR_STLS&sinceTimePeriod=2010&untilTimePeriod=2022,,,13,1,LTU,2010,2022,6e7bfec5,ec.europa.eu
FILE2,,foreign_nationals,Eurostat [migr_pop1ctz],https://ec.europa.eu/eurostat/api/dissemination/statistics/1.0/data/migr_pop1ctz?format=JSON&lang=EN&geo=NL&age=TOTAL&sex=T&unit=NR&citizen=FOR_STLS&sinceTimePeriod=2010&untilTimePeriod=2022,,,13,1,NLD,2010,2022,c598cff5,ec.europa.eu
FILE2,,foreign_nationals,Eurostat [migr_pop1ctz],https://ec.europa.eu/eurostat/api/dissemination/statistics/1.0/data/migr_pop1ctz?format=JSON&lang=EN&geo=NO&age=TOTAL&sex=T&unit=NR&citizen=FOR_STLS&sinceTimePeriod=2010&untilTimePeriod=2022,,,13,1,NOR,2010,2022,639ac6c6,ec.europa.eu
FILE2,,foreign_nationals,Eurostat [migr_pop1ctz],https://ec.europa.eu/eurostat/api/dissemination/statistics/1.0/data/migr_pop1ctz?format=JSON&lang=EN&geo=PL&age=TOTAL&sex=T&unit=NR&citizen=FOR_STLS&sinceTimePeriod=2010&untilTimePeriod=2022,,,13,1,POL,2010,2022,4bdf3081,ec.europa.eu
FILE2,,foreign_nationals,Eurostat [migr_pop1ctz],https://ec.europa.eu/eurostat/api/dissemination/statistics/1.0/data/migr_pop1ctz?format=JSON&lang=EN&geo=PT&age=TOTAL&sex=T&unit=NR&citizen=FOR_STLS&sinceTimePeriod=2010&untilTimePeriod=2022,,,13,1,PRT,2010,2022,43491b6a,ec.europa.eu
FILE2,,foreign_nationals,Eurostat [migr_pop1ctz],https://ec.europa.eu/eurostat/api/dissemination/statistics/1.0/data/migr_pop1ctz?format=JSON&lang=EN&geo=SE&age=TOTAL&sex=T&unit=NR&citizen=FOR_STLS&sinceTimePeriod=2010&untilTimePeriod=2022,,,13,1,SWE,2010,2022,767b8e2f,ec.europa.eu
FILE2,,foreign_nationals,Eurostat [migr_pop1ctz],https://ec.europa.eu/eurostat/api/dissemination/statistics/1.0/data/migr_pop1ctz?format=JSON&lang=EN&geo=SI&age=TOTAL&sex=T&unit=NR&citizen=FOR_STLS&sinceTimePeriod=2010&untilTimePeriod=2022,,,13,1,SVN,2010,2022,582159f5,ec.europa.eu
FILE2,,foreign_nationals,Eurostat [migr_pop1ctz],https://ec.europa.eu/eurostat/api/dissemination/statistics/1.0/data/migr_pop1ctz?format=JSON&lang=EN&geo=SK&age=TOTAL&sex=T&unit=NR&citizen=FOR_STLS&sinceTimePeriod=2010&untilTimePeriod=2022,,,13,1,SVK,2010,2022,0ac4713a,ec.europa.eu
FILE2,,foreign_nationals,"OECD International Migration Database (stocks of foreign population, measure B15)","https://sdmx.oecd.org/public/rest/data/OECD.ELS.IMD,DSD_MIG@DF_MIG,1.0/JPN.W.A.B15._T._Z._Z.PS?startPeriod=2010&endPeriod=2022&format=jsondata&dimensionAtObservation=AllDimensions",,,13,1,JPN,2010,2022,169f519e,sdmx.oecd.org
FILE2,,foreign_nationals,"OECD International Migration Database (stocks of foreign population, measure B15)","https://sdmx.oecd.org/public/rest/data/OECD.ELS.IMD,DSD_MIG@DF_MIG,1.0/KOR.W.A.B15._T._Z._Z.PS?startPeriod=2010&endPeriod=2022&format=jsondata&dimensionAtObservation=AllDimensions",,,13,1,KOR,2010,2022,04c55b43,sdmx.oecd.org
FILE2,,foreign_nationals,"OECD International Migration Database (stocks of foreign population, measure B15)","https://sdmx.oecd.org/public/rest/data/OECD.ELS.IMD,DSD_MIG@DF_MIG,1.0/TUR.W.A.B15._T._Z._Z.PS?startPeriod=2010&endPeriod=2022&format=jsondata&dimensionAtObservation=AllDimensions",,,13,1,TUR,2010,2022,3d717773,sdmx.oecd.org
FILE2,,foreign_nationals,"OECD International Migration Database (stocks of foreign population, measure B15)","https://sdmx.oecd.org/public/rest/data/OECD.ELS.IMD,DSD_MIG@DF_MIG,1.0/USA.W.A.B15._T._Z._Z.PS?startPeriod=2010&endPeriod=2022&format=jsondata&dimensionAtObservation=AllDimensions",,,13,1,USA,2010,2022,4147ddee,sdmx.oecd.org
FILE2,,foreign_nationals,"OECD International Migration Database (stocks of foreign population, measure B15)","https://sdmx.oecd.org/public/rest/data/OECD.ELS.IMD,DSD_MIG@DF_MIG,1.0/MEX.W.A.B15._T._Z._Z.PS?startPeriod=2010&endPeriod=2022&format=jsondata&dimensionAtObservation=AllDimensions",,,12,1,MEX,2010,2022,89fdc647,sdmx.oecd.org
FILE2,,foreign_nationals,Eurostat [migr_pop1ctz],https://ec.europa.eu/eurostat/api/dissemination/statistics/1.0/data/migr_pop1ctz?format=JSON&lang=EN&geo=HR&age=TOTAL&sex=T&unit=NR&citizen=FOR_STLS&sinceTimePeriod=2010&untilTimePeriod=2022,,,10,1,HRV,2013,2022,4defa499,ec.europa.eu
FILE2,,foreign_nationals,Eurostat [migr_pop1ctz],https://ec.europa.eu/eurostat/api/dissemination/statistics/1.0/data/migr_pop1ctz?format=JSON&lang=EN&geo=UK&age=TOTAL&sex=T&unit=NR&citizen=FOR_STLS&sinceTimePeriod=2010&untilTimePeriod=2022,,,10,1,GBR,2010,2019,8161581c,ec.europa.eu
FILE2,,foreign_nationals,"Taiwan Ministry of the Interior, Department of Statistics (內政統計通報), foreign residents 外僑居留人數",https://ws.moi.gov.tw/Download.ashx?u=LzAwMS9VcGxvYWQvNDAwL3JlbGZpbGUvMC8xNjA3NS8yZTk5ODk4OC05MTI4LTQ3Y2MtYTUwZi0yZjIwNzkzODk4ZDUucGRm&n=Mi7lpJbnsY3kurrlo6sucGRm&icon=.pdf,,,10,1,TWN,2012,2021,5669f2f0,ws.moi.gov.tw
FILE2,,foreign_nationals,"OECD International Migration Database (stocks of foreign population, measure B15)","https://sdmx.oecd.org/public/rest/data/OECD.ELS.IMD,DSD_MIG@DF_MIG,1.0/CHL.W.A.B15._T._Z._Z.PS?startPeriod=2010&endPeriod=2022&format=jsondata&dimensionAtObservation=AllDimensions",,,6,1,CHL,2017,2022,243d0342,sdmx.oecd.org
FILE2,,foreign_nationals,"Croatian Bureau of Statistics, Census 2011",https://web.dzs.hr/eng/censuses/census2011/results/htm/e01_01_06/e01_01_06_RH.html,,,1,1,HRV,2011,2011,f43cbc3a,web.dzs.hr
FILE2,,foreign_nationals,General Bureau of Statistics Suriname (ABS) - Census 8 (2012) Volume 1 Demographic and Social Characteristics and Migration,https://statistics-suriname.org/wp-content/uploads/2019/05/Publicatie-Census-8-Volume-1-Demografische-en-Sociale-Karakteristieken-en-Migratie.pdf,,,1,1,SUR,2012,2012,f68b5eee,statistics-suriname.org
FILE2,,foreign_nationals,IOM / United Nations Thailand - Thailand Migration Report 2019 (Table 1.1 Estimated non-Thai population in Thailand),https://thailand.un.org/en/download/13750/50831,,,1,1,THA,2018,2018,310b4a27,thailand.un.org
FILE2,,foreign_nationals,National Bureau of Statistics of China - 2010 Population Census (Sixth National Population Census),https://www.stats.gov.cn/english/NewsEvents/201104/t20110429_26451.html,,,1,1,CHN,2010,2010,06858e32,www.stats.gov.cn
FILE2,,foreign_nationals,National Bureau of Statistics of China - Communique of the Seventh National Population Census (No. 8),https://www.stats.gov.cn/english/PressRelease/202105/t20210510_1817193.html,,,1,1,CHN,2020,2020,0bdd1c30,www.stats.gov.cn
FILE2,,foreign_nationals,National Statistics Office (Philippines) - 2010 Census of Population and Housing (reported by SunStar),https://www.sunstar.com.ph/bacolod/nearly-200000-foreigners-living-in-philippines-census,,,1,1,PHL,2010,2010,88474222,www.sunstar.com.ph
FILE2,,foreign_nationals,"ONS, Population of the UK by country of birth and nationality",https://www.ons.gov.uk/peoplepopulationandcommunity/populationandmigration/internationalmigration/bulletins/ukpopulationbycountryofbirthandnationality/yearendingjune2020,,,1,1,GBR,2020,2020,e1040217,www.ons.gov.uk
FILE2,,foreign_nationals,"ONS, Population of the UK by country of birth and nationality",https://www.ons.gov.uk/peoplepopulationandcommunity/populationandmigration/internationalmigration/bulletins/ukpopulationbycountryofbirthandnationality/yearendingjune2021,,,1,1,GBR,2021,2021,f269f649,www.ons.gov.uk
FILE2,,foreign_nationals,Philippine Statistics Authority - Foreign Citizens in the Country (2020 Census of Population and Housing),https://psa.gov.ph/content/foreign-citizens-country-2020-census-population-and-housing,,,1,1,PHL,2020,2020,0a48d049,psa.gov.ph
FILE2,,foreign_nationals,"Taiwan Ministry of the Interior, Department of Statistics (內政統計通報), foreign residents 外僑居留人數",https://ws.moi.gov.tw/Download.ashx?u=LzAwMS9VcGxvYWQvNDAwL3JlbGZpbGUvMC8yMTkxNi9jYmRkNDNlYy0wOGU0LTRjMzMtOTBjMy05MGYyOGEyZjE3NDIucGRm&n=MTE05bm056ysMTbpgLHlhafmlL%2FntbHoqIjpgJrloLFf5aSW5YOR566h55CGLnBkZg%3D%3D&icon=.pdf,,,1,1,TWN,2022,2022,8280cc6d,ws.moi.gov.tw
FILE2,,foreign_workers,"Ministry of Labor (勞動部) Labour Statistics Database, monthly statistics Table 12-2 ""Foreign Workers in Taiwan by Work Responsibilities""",https://statdb.mol.gov.tw/html/mon/c12020.pdf,,,1,1,TWN,2011,2011,d0a0269c,statdb.mol.gov.tw
FILE2,,irregular_proxy_detections,"Eurostat, Third country nationals found to be illegally present (migr_eipre)",https://ec.europa.eu/eurostat/databrowser/view/migr_eipre/default/table,,,283,23,AUT;BEL;BGR;CHE;CZE;DEU;DNK;ESP;FIN;FRA;GBR;HRV;HUN;ISL;ITA;LTU;NLD;NOR;POL;PRT;SVK;SVN;SWE,2010,2022,cb6cefce,ec.europa.eu
FILE2,,irregular_proxy_detections,Presidency of Migration Management / Goc Idaresi Baskanligi (GIB) figures reported by Demiroren Haber Ajansi (DHA),https://www.dha.com.tr/gundem/guzel-yasam-icin-hedef-ulke-turkiyede-20-yilda-2-6-milyon-duzensiz-gocmen-yakalandi-2478884,,,7,1,TUR,2010,2022,95138086,www.dha.com.tr
FILE2,,irregular_proxy_detections,"Unidad de Politica Migratoria, Registro e Identidad de Personas (UPMRIP), SEGOB, Boletin de Estadisticas Migratorias, as compiled in IOM Mexico, Estadisticas migratorias 2023",https://mexico.iom.int/sites/g/files/tmzbdl1686/files/documents/2024-03/estadisticas-migratorias-2023.pdf,,,6,1,MEX,2017,2022,7d28d48a,mexico.iom.int
FILE2,,irregular_proxy_detections,Presidency of Migration Management / Goc Idaresi Baskanligi (GIB) data tabulated in Turkiye'nin Duzensiz Gocle Mucadele Stratejisine Iliskin Bir Degerlendirme (DergiPark),https://dergipark.org.tr/tr/download/article-file/3843070,,,1,1,TUR,2021,2021,d15f6a7c,dergipark.org.tr
FILE2,,irregular_proxy_overstayers,"Ministry of Labor, Republic of China (Taiwan), Monthly Bulletin of Labour Statistics, Table 12-7 Status of the Missing Foreign Workers by Nationality (表 12-7 失聯移工概況—按國籍分)",https://statdb.mol.gov.tw/html/mon/212070.pdf,,,7,1,TWN,2011,2022,0756fa9f,statdb.mol.gov.tw
FILE2,,irregular_proxy_overstayers,"Immigration New Zealand (MBIE), 'OVERSTAYERS' factsheet, October 2018, released under the Official Information Act and published on FYI.org.nz",https://fyi.org.nz/request/29926/response/118942/attach/4/Appendix%20A%20Immigration%20New%20Zealand%20Overstayers%20Factsheet%202017.pdf,,,6,1,NZL,2010,2016,c9a01f87,fyi.org.nz
FILE2,,irregular_proxy_overstayers,"Korean National Police University press, Cheryu oegugin beomjoe-e gwanhan gyeongchal-ui daeeung bangan (2015), Table 1, citing Ministry of Justice Korea Immigration Service statistical yearbook",https://press.police.ac.kr/pds/1476878914562.pdf,,,6,1,KOR,2010,2015,dc1da0ae,press.police.ac.kr
FILE2,,irregular_proxy_overstayers,"National Immigration Agency (內政部移民署), reported by the Legislative Yuan Budget Center",https://www.ly.gov.tw/Pages/Detail.aspx?nodeid=33580&pid=188916,,,5,1,TWN,2014,2018,5d0d32cf,www.ly.gov.tw
FILE2,,irregular_proxy_overstayers,"出入国在留管理庁 本邦における不法残留者数について (Immigration Services Agency of Japan, Number of Overstayers in Japan)",https://www.moj.go.jp/isa/content/001344904.pdf,,,5,1,JPN,2018,2022,079fcae0,www.moj.go.jp
FILE2,,irregular_proxy_overstayers,"Ministry of Justice of Korea, Immigration and Foreign Policy Statistics (불법체류외국인), reported via EKW",https://www.ekw.co.kr/news/articleView.html?idxno=11130,,,4,1,KOR,2018,2022,f55526ae,www.ekw.co.kr
FILE2,,irregular_proxy_overstayers,"Immigration Services Agency of Japan, Honpo ni okeru fuho zanryusha su ni tsuite (Reiwa 3-nen 1-gatsu 1-nichi genzai), Table 1 (Dai-1-hyo)",https://www.moj.go.jp/isa/content/001344148.pdf,,,3,1,JPN,2017,2019,3c80fc73,www.moj.go.jp
FILE2,,irregular_proxy_overstayers,"ANU Press, A Long Way to Go, Chapter 2, Table 2.3 Estimated size of irregular migrant populations by region/country",https://press-files.anu.edu.au/downloads/press/n4016/html/ch02.xhtml,,,2,1,AUS,2010,2011,6b569b4e,press-files.anu.edu.au
FILE2,,irregular_proxy_overstayers,"Immigration Services Agency of Japan, Overstayers as of 1 January (本邦における不法残留者数について)",https://www.moj.go.jp/isa/publications/press/13_00013.html,,,2,1,JPN,2020,2021,b84a36a0,www.moj.go.jp
FILE2,,irregular_proxy_overstayers,"Australian Department of Immigration and Border Protection, Senate Legal and Constitutional Affairs Committee, Budget Estimates Question on Notice BE17171",https://www.aph.gov.au/~/media/Committees/legcon_ctte/estimates/bud_1718/DIBP/QoNs/BE17171.pdf,,,1,1,AUS,2016,2016,f49a534f,www.aph.gov.au
FILE2,,irregular_proxy_overstayers,"Global Detention Project, Japan Immigration Detention Profile (reproducing Ministry of Justice, 2011, p.34)",https://www.globaldetentionproject.org/countries/asia-pacific/japan,,,1,1,JPN,2011,2011,d9d919a6,www.globaldetentionproject.org
FILE2,,irregular_proxy_overstayers,"Immigration New Zealand, New estimate of people who have overstayed their visa (5 September 2025)",https://immigration.govt.nz/assets/inz/documents/visa-paks/5-September-2025-New-estimate-of-people-who-have-overstayed-their-visa.pdf,,,1,1,NZL,2017,2017,4f53adc2,immigration.govt.nz
FILE2,,irregular_proxy_overstayers,"Immigration Services Agency of Japan, Overstayers as of 1 January (本邦における不法残留者数について)",https://www.moj.go.jp/isa/publications/press/13_00003.html,,,1,1,JPN,2022,2022,9ff4b894,www.moj.go.jp
FILE2,,irregular_proxy_overstayers,"Ministry of Justice Immigration Bureau, Honpo ni okeru fuho zanryusha su ni tsuite (Heisei 26-nen 1-gatsu 1-nichi genzai), mirrored by Nisshinkyo",https://www.nisshinkyo.org/news/pdf/G-26-2.pdf,,,1,1,JPN,2014,2014,11fa744c,www.nisshinkyo.org
FILE2,,irregular_proxy_overstayers,"National Immigration Agency / Ministry of Labor (失聯移工), reported by the Legislative Yuan Budget Center",https://www.ly.gov.tw/Pages/Detail.aspx?nodeid=33580&pid=188916,,,1,1,TWN,2019,2019,5d0d32cf,www.ly.gov.tw
FILE2,,irregular_proxy_overstayers,"出入国在留管理庁 本邦における不法残留者数について (Immigration Services Agency of Japan, Number of Overstayers in Japan)",https://www.moj.go.jp/isa/content/001344148.pdf,,,1,1,JPN,2017,2017,3c80fc73,www.moj.go.jp
FILE2,,irregular_proxy_overstayers,"出入国在留管理庁 本邦における不法残留者数について (Immigration Services Agency of Japan, Number of Overstayers in Japan)",https://www.moj.go.jp/isa/content/001459199.pdf,,,1,1,JPN,2014,2014,a54f4394,www.moj.go.jp
FILE2,,irregular_stock,"Pew Research Center (2019), Europe's Unauthorized Immigrant Population Peaks in 2016, Then Levels Off",https://www.pewresearch.org/global/2019/11/13/europes-unauthorized-immigrant-population-peaks-in-2016-then-levels-off/,,,16,7,AUT;CHE;CZE;DEU;ESP;FRA;ITA,2014,2017,dccd3218,www.pewresearch.org
FILE2,,irregular_stock,"DHS Office of Homeland Security Statistics, Estimates of the Unauthorized Immigrant Population Residing in the United States: January 2015-January 2018, Table A2-1",https://ohss.dhs.gov/sites/default/files/2023-12/unauthorized_immigrant_population_estimates_2015_-_2018.pdf,,,9,1,USA,2010,2018,61d67a19,ohss.dhs.gov
FILE2,,irregular_stock,"Funcas (2024), Estimacion de la poblacion en situacion irregular en Espana, Cuadro 1, Estimacion 2",https://www.funcas.es/wp-content/uploads/2024/05/2405-NCS.pdf,,,6,1,ESP,2017,2022,6fb352cb,www.funcas.es
FILE2,,irregular_stock,"Funcas (2024), Estimacion de la poblacion en situacion irregular en Espana, Cuadro 1, Estimacion 1",https://www.funcas.es/wp-content/uploads/2024/05/2405-NCS.pdf,,,5,1,ESP,2018,2022,6fb352cb,www.funcas.es
FILE2,,irregular_stock,"Instituto Nacional de Estadisticas (INE) and Servicio Nacional de Migraciones (SERMIG), Estimacion de Personas Extranjeras Residentes Habituales en Chile 2023 - Sintesis (2022 methodology series)",https://www.ine.gob.cl/docs/default-source/demografia-y-migracion/publicaciones-y-anuarios/migraci%C3%B3n-internacional/estimaci%C3%B3n-poblaci%C3%B3n-extranjera-en-chile-2018/sintesis-epe2023.pdf?sfvrsn=cc51129c_10,,,5,1,CHL,2018,2022,f8f04e39,www.ine.gob.cl
FILE2,,irregular_stock,"Van der Heijden, Cruyff, Lugtig, Engbersen, Van Gils (WODC/Utrecht University/Erasmus University Rotterdam), Schattingen onrechtmatig in Nederland verblijvende vreemdelingen medio 2018-2019 tot medio 2022-2023",https://www.wodc.nl/actueel/nieuws/2026/03/31/nieuwe-schattingen-beschikbaar-over-het-aantal-vreemdelingen-zonder-verblijfsvergunning,,,5,1,NLD,2018,2022,7ab05f83,www.wodc.nl
FILE2,,irregular_stock,"Center for Migration Studies of New York (Robert Warren), After a Decade of Decline, the US Undocumented Population Increased by 650,000 in 2022, Journal on Migration and Human Security",https://journals.sagepub.com/doi/10.1177/23315024241226624,,,4,1,USA,2019,2022,acbbe0d5,journals.sagepub.com
FILE2,,irregular_stock,"DHS Office of Homeland Security Statistics (Baker & Warren 2024), Estimates of the Unauthorized Immigrant Population Residing in the United States: January 2018-January 2022, as reproduced in Choices Magazine (AAEA)",https://www.choicesmagazine.org/UserFiles/file/cmsarticle_991.pdf,,,3,1,USA,2019,2022,f07e8221,www.choicesmagazine.org
FILE2,,irregular_stock,"Instituto Nacional de Estadisticas (INE) and Servicio Nacional de Migraciones (SERMIG), Estimacion de Personas Extranjeras Residentes Habituales en Chile 2023 - Sintesis (2023 revised methodology)",https://www.ine.gob.cl/docs/default-source/demografia-y-migracion/publicaciones-y-anuarios/migraci%C3%B3n-internacional/estimaci%C3%B3n-poblaci%C3%B3n-extranjera-en-chile-2018/sintesis-epe2023.pdf?sfvrsn=cc51129c_10,,,3,1,CHL,2018,2020,f8f04e39,www.ine.gob.cl
FILE2,,irregular_stock,"Israel Population and Immigration Authority (רשות האוכלוסין וההגירה), Foreigners in Israel (נתוני זרים בישראל), Q1 2022",https://www.gov.il/BlobFolder/generalpage/foreign_workers_stats/he/zarim_2022_q1.pdf,,,3,1,ISR,2020,2022,6729072a,www.gov.il
FILE2,,irregular_stock,"Migration Policy Institute (with Jennifer Van Hook, Penn State), Diverse Flows Drive Increase in U.S. Unauthorized Immigrant Population (July 2024)",https://www.migrationpolicy.org/commentary/diverse-flows-drive-increase-us-unauthorized-immigrant-population,,,3,1,USA,2019,2022,a21b7d97,www.migrationpolicy.org
FILE2,,irregular_stock,"Fondazione ISMU, XXII Rapporto sulle migrazioni 2016",https://www.antoniocasella.eu/nume/Ismu_1dic2016.pdf,,,2,1,ITA,2015,2016,a0f7dc3c,www.antoniocasella.eu
FILE2,,irregular_stock,"Fondazione ISMU, XXVII Rapporto sulle migrazioni 2021",https://www.ismu.org/xxvii-rapporto-sulle-migrazioni-2021-comunicato-stampa-11-2-2022/,,,2,1,ITA,2021,2022,979b5ca8,www.ismu.org
FILE2,,irregular_stock,"Migration Policy Institute, Unauthorized Immigrants in the United States: Stable Numbers, Changing Origins",https://www.migrationpolicy.org/sites/default/files/publications/mpi-unauthorized-immigrants-stablenumbers-changingorigins_final.pdf,,,2,1,USA,2011,2018,66eb6dec,www.migrationpolicy.org
FILE2,,irregular_stock,"Pew Research Center, Q&A: How Pew Research Center estimates the number of unauthorized immigrants living in the U.S. (22 August 2025)",https://www.pewresearch.org/short-reads/2025/08/22/qa-how-pew-research-center-estimates-the-number-of-unauthorized-immigrants-living-in-the-us/,,,2,1,USA,2021,2022,5f9277ca,www.pewresearch.org
FILE2,,irregular_stock,"Pew Research Center, What we know about unauthorized immigrants living in the U.S. (July 2024)",https://www.pewresearch.org/short-reads/2024/07/22/what-we-know-about-unauthorized-immigrants-living-in-the-us/,,,2,1,USA,2021,2022,4b5c514e,www.pewresearch.org
FILE2,,irregular_stock,"Center for Migration Studies of New York (Robert Warren), US Undocumented Population Increased to 11.7 Million in July 2023",https://cmsny.org/us-undocumented-population-increased-in-july-2023-warren-090624/,,,1,1,USA,2020,2020,693e3d81,cmsny.org
FILE2,,irregular_stock,"DHS Office of Homeland Security Statistics, Estimates of the Unauthorized Immigrant Population Residing in the United States: January 2015-January 2018, Table A2-1 (pre-revision entry)",https://ohss.dhs.gov/sites/default/files/2023-12/unauthorized_immigrant_population_estimates_2015_-_2018.pdf,,,1,1,USA,2010,2010,61d67a19,ohss.dhs.gov
FILE2,,irregular_stock,"DHS Office of Homeland Security Statistics, Estimates of the Unauthorized Immigrant Population Residing in the United States: January 2015-January 2018, Table A2-1 (pre-update entry)",https://ohss.dhs.gov/sites/default/files/2023-12/unauthorized_immigrant_population_estimates_2015_-_2018.pdf,,,1,1,USA,2015,2015,61d67a19,ohss.dhs.gov
FILE2,,irregular_stock,"Fondazione ISMU estimate, reported in Neodemos",https://www.neodemos.info/2018/07/27/irregolari-sanatorie-e-rimpatri/,,,1,1,ITA,2017,2017,eeb10029,www.neodemos.info
FILE2,,irregular_stock,"Fondazione ISMU, XXIV Rapporto sulle migrazioni 2018",https://www.vita.it/rapporto-ismu-calano-gli-sbarcati-ma-sale-la-quota-degli-irregolari/,,,1,1,ITA,2018,2018,77693a7e,www.vita.it
FILE2,,irregular_stock,"Fondazione ISMU, XXV Rapporto sulle migrazioni 2019",https://www.ismu.org/comunicato-stampa-xxv-rapporto-ismu/,,,1,1,ITA,2019,2019,7bd32d22,www.ismu.org
FILE2,,irregular_stock,"Fondazione ISMU, XXVI Rapporto sulle migrazioni 2020",https://www.cinformi.it/Comunicazione/Notizie/I-dati-del-Rapporto-ISMU-sulle-migrazioni-2020,,,1,1,ITA,2020,2020,243a11ee,www.cinformi.it
FILE2,,irregular_stock,"Fundacion porCausa (2020), Una fotografia de la inmigracion irregular en Espana",https://porcausa.org/wp-content/uploads/2020/07/RetratodelairregularidadporCausa.pdf,,,1,1,ESP,2019,2019,b293f77e,porcausa.org
FILE2,,irregular_stock,"Instituto Nacional de Estadisticas (INE) de Chile, press release 29 December 2023",https://www.ine.gob.cl/sala-de-prensa/prensa/general/noticia/2023/12/29/poblaci%C3%B3n-extranjera-residente-en-chile-super%C3%B3-los-1-6-millones-de-personas-en-2022-con-un-6-6-de-ellas-en-situaci%C3%B3n-irregular,,,1,1,CHL,2022,2022,84522ec4,www.ine.gob.cl
FILE2,,irregular_stock,"Morlok, Oswald, Meier, Efionayi-Mader, Ruedin, Bader, Wanner (2015), Sans-Papiers in der Schweiz 2015, State Secretariat for Migration (SEM)",https://www.sem.admin.ch/dam/sem/de/data/internationales/illegale-migration/sans_papiers/ber-sanspapiers-2015-d.pdf,,,1,1,CHE,2015,2015,3c2805df,www.sem.admin.ch
FILE2,,irregular_stock,"Pew Hispanic Center, Unauthorized Immigrant Population: National and State Trends, 2010",https://www.pewresearch.org/race-and-ethnicity/2011/02/01/unauthorized-immigrant-population-brnational-and-state-trends-2010/,,,1,1,USA,2010,2010,1db68f77,www.pewresearch.org
FILE2,,irregular_stock,"Pew Research Center (2019), Europe's Unauthorized Immigrant Population Peaks in 2016, Then Levels Off - Appendix E corrected estimates",https://www.pewresearch.org/global/2019/11/13/eu-unauthorized-immigrants-appendix-e-updated-unauthorized-immigrant-population-estimates-for-europe-and-the-united-kingdom-2014-2017/,,,1,1,GBR,2017,2017,dc9847ae,www.pewresearch.org
FILE2,,irregular_stock,"Pew Research Center, Unauthorized immigrant population trends",https://www.pewresearch.org/race-and-ethnicity/feature/unauthorized-trends/,,,1,1,USA,2017,2017,6832664b,www.pewresearch.org
FILE2,,irregular_stock,"Russian Ministry of Internal Affairs (MVD) data, reported by The Moscow Times, 16 April 2021",https://www.themoscowtimes.com/2021/04/16/russia-tells-illegal-migrants-from-post-soviet-countries-to-leave-by-june-15-a73623,,,1,1,RUS,2020,2020,dcc58afd,www.themoscowtimes.com
FILE2,,irregular_stock,"Van der Heijden, Cruyff, Van Gils (WODC), Schattingen onrechtmatig in Nederland verblijvende vreemdelingen 2017-2018",https://www.wodc.nl/actueel/nieuws/2020/12/16/nieuwe-schatting-voor-de-periode-medio-2017---medio-2018,,,1,1,NLD,2017,2017,6dc83bd3,www.wodc.nl
FILE2,,irregular_stock,"Vogel, Dita (2015), Update report Germany: Estimated number of irregular foreign residents in Germany (Database on Irregular Migration), cited in bpb country profile",https://www.bpb.de/themen/migration-integration/regionalprofile/deutschland/256275/irregulaere-migration-in-deutschland/,,,1,1,DEU,2014,2014,f2d4f3db,www.bpb.de
FILE2,,population,"World Bank, World Development Indicators (SP.POP.TOTL), sourced from UN World Population Prospects and national statistical offices",https://api.worldbank.org/v2/country/all/indicator/SP.POP.TOTL,,,507,39,AUS;AUT;BEL;BGR;CHE;CHL;CHN;CZE;DEU;DNK;ESP;FIN;FRA;GBR;HRV;HUN;IND;ISL;ISR;ITA;JPN;KOR;LTU;MEX;NLD;NOR;NZL;PHL;POL;PRT;RUS;SUR;SVK;SVN;SWE;THA;TUR;USA;ZAF,2010,2022,69e65b2b,api.worldbank.org
FILE2,,population,"內政部統計處 內政統計年報 108年版 (MOI Dept. of Statistics, Statistical Yearbook of Interior, 2019 ed.)",https://ws.moi.gov.tw/Download.ashx?u=LzAwMS9VcGxvYWQvNDAwL3JlbGZpbGUvMC8xMzMzNy9jNDg1YjU2OC1lNWU2LTRkYTItYWIwZS1lMTJlNmVmZjBkZTIucGRm&n=MTA45bm05YWn5pS%2f57Wx6KiI5bm05aCx6Zu75a2Q5pu4LnBkZg%3d%3d&icon=.pdf,,,7,1,TWN,2010,2016,19060caa,ws.moi.gov.tw
FILE2,,population,"內政部統計處 內政統計月報 115年5月 (MOI Dept. of Statistics, Monthly Bulletin of Interior Statistics, May 2026)",https://ws.moi.gov.tw/Download.ashx?u=LzAwMS9VcGxvYWQvNDAwL3JlbGZpbGUvMC8yMzQ1NC85M2FlNzY2MC0xMDEwLTQxNGQtOGQ4NC00NjM3ZDE2ZjY4ZTcucGRm&n=MTE1MDUucGRm,,,6,1,TWN,2017,2022,0c344501,ws.moi.gov.tw
