source,page,series,year,value_printed,value_from_marker_height,height_agrees,panel_value,panel_matches
INE/SERMIG Sintesis 2023,12,2022 methodology,2018,5975,13200,True,,
INE/SERMIG Sintesis 2023,12,2022 methodology,2019,14818,16800,True,,
INE/SERMIG Sintesis 2023,12,2022 methodology,2020,27162,27700,True,,
INE/SERMIG Sintesis 2023,12,2022 methodology,2021,59682,62600,True,,
INE/SERMIG Sintesis 2023,12,2022 methodology,2022,115059,117800,True,,
INE/SERMIG Sintesis 2023,12,2022 methodology,2023,130017,130900,True,,
INE/SERMIG Sintesis 2023,12,2023 methodology,2018,10375,12400,True,10375.0,True
INE/SERMIG Sintesis 2023,12,2023 methodology,2019,21833,24100,True,21833.0,True
INE/SERMIG Sintesis 2023,12,2023 methodology,2020,53356,55300,True,53356.0,True
INE/SERMIG Sintesis 2023,12,2023 methodology,2021,109846,111300,True,109846.0,True
INE/SERMIG Sintesis 2023,12,2023 methodology,2022,291149,290100,True,291149.0,True
INE/SERMIG Sintesis 2023,12,2023 methodology,2023,336984,335200,True,,
