iso3,year,variable,value,source_name,source_url,notes,used_in_panel,live_source_check,historical_status
IND,2001,foreign_born,6166930,"Office of the Registrar General & Census Commissioner, India, Census of India 2001, Table D-01 Population classified by place of birth and sex, India",https://censusindia.gov.in/nada/index.php/catalog/19293,"Census count; persons enumerated in India who were born in another country: the sum of the five foreign-continent rows of Table D-01 (Asia beyond India 6,051,965, Europe 23,938, Africa 64,628, America 19,794, Oceania 6,605). A further 421 persons are ""unclassifiable"" by place of birth and are not counted. Unlike the 2011 value, which is published rounded to the nearest thousand (5,490,000), this figure is exact.",yes,CONFIRMED IN ARCHIVED DOCUMENT,current
IND,2005,foreign_born,5954999,UN DESA International Migrant Stock (World Bank indicator SM.POP.TOTL),https://api.worldbank.org/v2/country/all/indicator/SM.POP.TOTL?format=json&date=2001:2022&per_page=20000,"UN estimate (not annual); mid-year benchmark year only; retrieved from World Bank mirror of UN DESA International Migrant Stock, retrieved 2026-10-07. UN DESA declares this country's stock as based on citizenship (data type C), not place of birth; see the known issue on UN DESA data types.",yes,READ FROM ARCHIVED PAYLOAD,current
IND,2010,foreign_born,5601237,UN DESA International Migrant Stock (World Bank indicator SM.POP.TOTL),https://api.worldbank.org/v2/country/CHN;IND;PHL;RUS;ZAF;SUR;THA/indicator/SM.POP.TOTL?format=json&date=2010:2022&per_page=200,"UN estimate (not annual); mid-year benchmark year only; retrieved from World Bank mirror of UN DESA International Migrant Stock, accessed 2026-08",yes,EXACT,current
IND,2011,foreign_born,5363099,"Office of the Registrar General & Census Commissioner, India, Census of India 2011, Table D-01 Population classified by place of birth and sex, India (row ""Born Outside India"")",https://censusindia.gov.in/nada/index.php/catalog/10671,"Census count; persons enumerated in India who were born in another country: the official national row ""Born Outside India"" of Table D-01 (males 2,550,633, females 2,812,466). The five foreign-continent rows add up to it; 290,812 persons of unclassifiable place of birth are not counted, as for 2001. Replaces 5,490,000, a figure from Table 2a of Singh and Biradar (Demography India 51(1), 2022), which is built on Table D-2 (place of last residence) and is not a birthplace count. Corrected on 2026-10-07.",yes,READ FROM OFFICIAL WORKBOOK,current
IND,2011,foreign_born,5490000,"Singh D.P. and Biradar R., Migration in India: trends and characteristics, Demography India Vol. 51 No. 1 (2022) pp.160-175 (Census of India 2011 place-of-birth data)",https://iasp.ac.in/uploads/journal/10.%20Migration%20in%20India%20trends%20and%20characteristics-1669206793.pdf,"Census (Census of India 2011, place-of-birth / D-series tables), reference date 1 Mar 2011; value as published is rounded to the nearest thousand (5490 thousand; 2513 thousand male, 2977 thousand female = 0.44 per cent of population); no exact unit-level figure could be verified from censusindia.gov.in; India has no 2021 census (postponed), so no national 2021 benchmark exists",no,not_machine_checkable,Superseded 2026-10-07: previous-residence figure replaced by the official birthplace total (audit F02)
IND,2015,foreign_born,5252296,UN DESA International Migrant Stock (World Bank indicator SM.POP.TOTL),https://api.worldbank.org/v2/country/CHN;IND;PHL;RUS;ZAF;SUR;THA/indicator/SM.POP.TOTL?format=json&date=2010:2022&per_page=200,"UN estimate (not annual); mid-year benchmark year only; retrieved from World Bank mirror of UN DESA International Migrant Stock, accessed 2026-08",yes,EXACT,current
IND,2020,foreign_born,4929816,UN DESA International Migrant Stock (World Bank indicator SM.POP.TOTL),https://api.worldbank.org/v2/country/CHN;IND;PHL;RUS;ZAF;SUR;THA/indicator/SM.POP.TOTL?format=json&date=2010:2022&per_page=200,"UN estimate (not annual); mid-year benchmark year only; retrieved from World Bank mirror of UN DESA International Migrant Stock, accessed 2026-08",yes,EXACT,current
IND,2001,population,1077898575,"World Bank, World Development Indicators (SP.POP.TOTL), sourced from UN World Population Prospects and national statistical offices",https://api.worldbank.org/v2/country/all/indicator/SP.POP.TOTL,Total population; see the source and verification text in panel_final.csv.,yes,READ FROM ARCHIVED PAYLOAD,current
IND,2002,population,1097600380,"World Bank, World Development Indicators (SP.POP.TOTL), sourced from UN World Population Prospects and national statistical offices",https://api.worldbank.org/v2/country/all/indicator/SP.POP.TOTL,Total population; see the source and verification text in panel_final.csv.,yes,READ FROM ARCHIVED PAYLOAD,current
IND,2003,population,1116803006,"World Bank, World Development Indicators (SP.POP.TOTL), sourced from UN World Population Prospects and national statistical offices",https://api.worldbank.org/v2/country/all/indicator/SP.POP.TOTL,Total population; see the source and verification text in panel_final.csv.,yes,READ FROM ARCHIVED PAYLOAD,current
IND,2004,population,1135991513,"World Bank, World Development Indicators (SP.POP.TOTL), sourced from UN World Population Prospects and national statistical offices",https://api.worldbank.org/v2/country/all/indicator/SP.POP.TOTL,Total population; see the source and verification text in panel_final.csv.,yes,READ FROM ARCHIVED PAYLOAD,current
IND,2005,population,1154676322,"World Bank, World Development Indicators (SP.POP.TOTL), sourced from UN World Population Prospects and national statistical offices",https://api.worldbank.org/v2/country/all/indicator/SP.POP.TOTL,Total population; see the source and verification text in panel_final.csv.,yes,READ FROM ARCHIVED PAYLOAD,current
IND,2006,population,1172878890,"World Bank, World Development Indicators (SP.POP.TOTL), sourced from UN World Population Prospects and national statistical offices",https://api.worldbank.org/v2/country/all/indicator/SP.POP.TOTL,Total population; see the source and verification text in panel_final.csv.,yes,READ FROM ARCHIVED PAYLOAD,current
IND,2007,population,1190676021,"World Bank, World Development Indicators (SP.POP.TOTL), sourced from UN World Population Prospects and national statistical offices",https://api.worldbank.org/v2/country/all/indicator/SP.POP.TOTL,Total population; see the source and verification text in panel_final.csv.,yes,READ FROM ARCHIVED PAYLOAD,current
IND,2008,population,1207930964,"World Bank, World Development Indicators (SP.POP.TOTL), sourced from UN World Population Prospects and national statistical offices",https://api.worldbank.org/v2/country/all/indicator/SP.POP.TOTL,Total population; see the source and verification text in panel_final.csv.,yes,READ FROM ARCHIVED PAYLOAD,current
IND,2009,population,1225524753,"World Bank, World Development Indicators (SP.POP.TOTL), sourced from UN World Population Prospects and national statistical offices",https://api.worldbank.org/v2/country/all/indicator/SP.POP.TOTL,Total population; see the source and verification text in panel_final.csv.,yes,READ FROM ARCHIVED PAYLOAD,current
IND,2010,population,1243481564,"World Bank, World Development Indicators (SP.POP.TOTL), sourced from UN World Population Prospects and national statistical offices",https://api.worldbank.org/v2/country/all/indicator/SP.POP.TOTL,"Total resident population, mid-year estimate. Retrieved via World Bank API, August 2026.",yes,EXACT,current
IND,2011,population,1261224954,"World Bank, World Development Indicators (SP.POP.TOTL), sourced from UN World Population Prospects and national statistical offices",https://api.worldbank.org/v2/country/all/indicator/SP.POP.TOTL,"Total resident population, mid-year estimate. Retrieved via World Bank API, August 2026.",yes,EXACT,current
IND,2012,population,1278674502,"World Bank, World Development Indicators (SP.POP.TOTL), sourced from UN World Population Prospects and national statistical offices",https://api.worldbank.org/v2/country/all/indicator/SP.POP.TOTL,"Total resident population, mid-year estimate. Retrieved via World Bank API, August 2026.",yes,EXACT,current
IND,2013,population,1295829511,"World Bank, World Development Indicators (SP.POP.TOTL), sourced from UN World Population Prospects and national statistical offices",https://api.worldbank.org/v2/country/all/indicator/SP.POP.TOTL,"Total resident population, mid-year estimate. Retrieved via World Bank API, August 2026.",yes,EXACT,current
IND,2014,population,1312277191,"World Bank, World Development Indicators (SP.POP.TOTL), sourced from UN World Population Prospects and national statistical offices",https://api.worldbank.org/v2/country/all/indicator/SP.POP.TOTL,"Total resident population, mid-year estimate. Retrieved via World Bank API, August 2026.",yes,EXACT,current
IND,2015,population,1328024498,"World Bank, World Development Indicators (SP.POP.TOTL), sourced from UN World Population Prospects and national statistical offices",https://api.worldbank.org/v2/country/all/indicator/SP.POP.TOTL,"Total resident population, mid-year estimate. Retrieved via World Bank API, August 2026.",yes,EXACT,current
IND,2016,population,1343944296,"World Bank, World Development Indicators (SP.POP.TOTL), sourced from UN World Population Prospects and national statistical offices",https://api.worldbank.org/v2/country/all/indicator/SP.POP.TOTL,"Total resident population, mid-year estimate. Retrieved via World Bank API, August 2026.",yes,EXACT,current
IND,2017,population,1359657400,"World Bank, World Development Indicators (SP.POP.TOTL), sourced from UN World Population Prospects and national statistical offices",https://api.worldbank.org/v2/country/all/indicator/SP.POP.TOTL,"Total resident population, mid-year estimate. Retrieved via World Bank API, August 2026.",yes,EXACT,current
IND,2018,population,1374659064,"World Bank, World Development Indicators (SP.POP.TOTL), sourced from UN World Population Prospects and national statistical offices",https://api.worldbank.org/v2/country/all/indicator/SP.POP.TOTL,"Total resident population, mid-year estimate. Retrieved via World Bank API, August 2026.",yes,EXACT,current
IND,2019,population,1389030312,"World Bank, World Development Indicators (SP.POP.TOTL), sourced from UN World Population Prospects and national statistical offices",https://api.worldbank.org/v2/country/all/indicator/SP.POP.TOTL,"Total resident population, mid-year estimate. Retrieved via World Bank API, August 2026.",yes,EXACT,current
IND,2020,population,1402617695,"World Bank, World Development Indicators (SP.POP.TOTL), sourced from UN World Population Prospects and national statistical offices",https://api.worldbank.org/v2/country/all/indicator/SP.POP.TOTL,"Total resident population, mid-year estimate. Retrieved via World Bank API, August 2026.",yes,EXACT,current
IND,2021,population,1414203896,"World Bank, World Development Indicators (SP.POP.TOTL), sourced from UN World Population Prospects and national statistical offices",https://api.worldbank.org/v2/country/all/indicator/SP.POP.TOTL,"Total resident population, mid-year estimate. Retrieved via World Bank API, August 2026.",yes,EXACT,current
IND,2022,population,1425423212,"World Bank, World Development Indicators (SP.POP.TOTL), sourced from UN World Population Prospects and national statistical offices",https://api.worldbank.org/v2/country/all/indicator/SP.POP.TOTL,"Total resident population, mid-year estimate. Retrieved via World Bank API, August 2026.",yes,EXACT,current
