key,publisher,dataset,page_url,backs_payload,status,pdf,png,pdf_bytes,png_bytes,captured,note
worldbank_SP_POP_TOTL,World Bank,"World Development Indicators — Population, total (SP.POP.TOTL)",https://data.worldbank.org/indicator/SP.POP.TOTL,wb_SP_POP_TOTL.json,captured,evidence/api/publisher_pages/worldbank_SP_POP_TOTL.pdf,evidence/api/publisher_pages/worldbank_SP_POP_TOTL.png,562036,231265,2026-08-17,
worldbank_SM_POP_TOTL,World Bank,World Development Indicators — International migrant stock (SM.POP.TOTL),https://data.worldbank.org/indicator/SM.POP.TOTL,wb_SM_POP_TOTL.json,captured,evidence/api/publisher_pages/worldbank_SM_POP_TOTL.pdf,evidence/api/publisher_pages/worldbank_SM_POP_TOTL.png,526879,200077,2026-08-17,
eurostat_migr_pop3ctb,Eurostat,"Population on 1 January by age group, sex and country of birth (migr_pop3ctb)",https://ec.europa.eu/eurostat/databrowser/view/migr_pop3ctb/default/table?lang=en,eurostat_migr_pop3ctb.json,captured,evidence/api/publisher_pages/eurostat_migr_pop3ctb.pdf,evidence/api/publisher_pages/eurostat_migr_pop3ctb.png,307138,318016,2026-08-17,
eurostat_migr_pop1ctz,Eurostat,"Population on 1 January by age group, sex and citizenship (migr_pop1ctz)",https://ec.europa.eu/eurostat/databrowser/view/migr_pop1ctz/default/table?lang=en,eurostat_migr_pop1ctz.json,captured,evidence/api/publisher_pages/eurostat_migr_pop1ctz.pdf,evidence/api/publisher_pages/eurostat_migr_pop1ctz.png,317093,301980,2026-08-17,
eurostat_migr_eipre,Eurostat,Third country nationals found to be illegally present — annual data (migr_eipre),https://ec.europa.eu/eurostat/databrowser/view/migr_eipre/default/table?lang=en,eurostat_migr_eipre.json,captured,evidence/api/publisher_pages/eurostat_migr_eipre.pdf,evidence/api/publisher_pages/eurostat_migr_eipre.png,280983,292491,2026-08-17,
eurostat_migr_eipre_metadata,Eurostat,migr_eipre — explanatory metadata (definitions and caveats),https://ec.europa.eu/eurostat/cache/metadata/en/migr_eil_esms.htm,eurostat_migr_eipre.json,captured,evidence/api/publisher_pages/eurostat_migr_eipre_metadata.pdf,evidence/api/publisher_pages/eurostat_migr_eipre_metadata.png,210361,329834,2026-08-17,
oecd_international_migration_database,OECD,International Migration Database (stocks of foreign-born and foreign population),https://sdmx.oecd.org/public/rest/dataflow/OECD.ELS.IMD/DSD_MIG@DF_MIG/1.0?references=all,oecd/*.json,sdmx_registry_metadata,evidence/api/publisher_pages/oecd_international_migration_database.pdf,evidence/api/publisher_pages/oecd_international_migration_database.png,111679,118695,2026-08-17,"oecd.org returns 403 to every automated client. Captured instead from the OECD SDMX registry, which is the service the data was actually queried from: the authoritative dataflow definition for DSD_MIG@DF_MIG, including the measure codelist that defines B14 (foreign-born stock) and B15 (foreign-national stock)."
un_wpp_2024,UN DESA,World Population Prospects 2024 — download portal,https://population.un.org/wpp/,UN_WPP2024_demographic_indicators_compact.xlsx,captured,evidence/api/publisher_pages/un_wpp_2024.pdf,evidence/api/publisher_pages/un_wpp_2024.png,425330,447112,2026-08-17,The WPP download portal path used at capture time now returns 404; the dataset home page is the stable address. The archived mirror is the page as captured on 2026-08-17.
un_desa_international_migrant_stock_2024,UN DESA,International Migrant Stock 2024,https://www.un.org/development/desa/pd/content/international-migrant-stock,UN_DESA_IMS2024_stock_by_sex_and_destination.xlsx,rendered_from_retrieved_copy,evidence/api/publisher_pages/un_desa_international_migrant_stock_2024.pdf,evidence/api/publisher_pages/un_desa_international_migrant_stock_2024.png,197894,212965,2026-08-17,The UN DESA server returns 403 to headless Chrome. The page was fetched with a normal HTTP client on the access date and that retrieved copy was rendered.
