finding,issue,title,title_zh,verdict,verdict_zh,checked,checked_zh,resolution,resolution_zh,status,status_zh
F01,1,Chile irregular stock: wrong years and methodologies,智利無證移民存量：年度與方法錯置,Confirmed,屬實,"Rendered page 12 of the archived INE/SERMIG PDF and read every label from the PDF's own coordinates (scripts/80_check_source_charts.py): marker colour gives the series, x position the year, height must agree with the printed value.",將所存檔 INE/SERMIG PDF 之第 12 頁轉為圖像，並由 PDF 自身之座標讀取每個標籤（scripts/80_check_source_charts.py）：標記顏色決定序列、x 位置決定年度、高度須與所印數值一致。,"All five 2018-2022 cells held other years' values and mixed the two methodologies. Now the 2023 methodology for every year (10,375; 21,833; 53,356; 109,846; 291,149); the 2022 methodology and the press-release 107,223 are alternatives; the chart check now fails if the panel disagrees with the chart.","五格 2018–2022 年數值均為他年數值，且混用兩種方法。現各年一律採 2023 年方法（10,375；21,833；53,356；109,846；291,149）；2022 年方法與新聞稿之 107,223 列為替代值；圖表檢查在 panel 與圖表不符時即失敗。",Resolved; one decision left to the authors,已解決；有一項決定留待作者
F02,2,India 2011: previous residence used as birthplace,印度 2011：以最近居住地取代出生地,Confirmed,屬實,"Downloaded the official D-01 workbook from censusindia.gov.in (byte-identical to the audit's copy): national row ""Born Outside India"" 5,363,099; the five continents sum to it. The cited article's 2,513 + 2,977 thousand is its Table 2a, sourced to Table D-2 (last residence). Authors on the first page: Singh and Biradar.","自印度普查官網下載官方 D-01 活頁簿（與稽核所用副本位元組相同）：全國列「Born Outside India」為 5,363,099，五大洲加總與之相符。所引論文之 2,513＋2,977 千為其表 2a，來源為表 D-2（最近居住地）。首頁作者為 Singh 與 Biradar。","Corrected to 5,363,099 (grade A); workbook, catalogue page and a table extract archived; authors corrected wherever the article is cited; the 5.49-million premise removed from the UN discussion.","已更正為 5,363,099（A 級）；活頁簿、目錄頁與表格摘錄已存檔；凡引用該論文處之作者均已更正；並自 UN 之討論中移除 549 萬之前提。",Resolved,已解決
F03,3,Suriname 2012: unknown nationality counted as foreign,蘇利南 2012：國籍不明者被計為外國籍,Confirmed,屬實,"Read Table H2 (page 24): Surinamese 505,245; Dutch 10,248, Guyanese 8,278, French 3,575, Brazilian 5,027, Chinese 3,758, other 2,167 (sum 33,053); unknown 3,340; total 541,638. 36,393 is a residual, not a printed figure.","讀取表 H2（第 24 頁）：蘇利南籍 505,245；荷蘭 10,248、圭亞那 8,278、法國 3,575、巴西 5,027、中國 3,758、其他 2,167（合計 33,053）；不明 3,340；總計 541,638。36,393 為剩餘數，並非表中所印。","Corrected to 33,053 and marked derived; 3,340 unknown excluded; 36,393 kept as an alternative.","已更正為 33,053 並標示為推導值；3,340 名不明者不計入；36,393 保留為替代值。",Resolved,已解決
F04,4,20 citizenship-based UN cells in foreign_born,20 格公民身分基礎之 UN 數值列於 foreign_born,Confirmed,屬實,Confirmed the 20 cells (5 countries x 4 benchmark years) equal the UN workbook and that UN declares type C for them. The archive had already flagged them; the audit is right that a flag does not make them birthplace counts.,確認 20 格（5 國 × 4 個基準年）與 UN 活頁簿一致，且 UN 對其宣告為類型 C。本存檔原已加註旗標；稽核所言屬實：旗標並不使其成為依出生地計算之數。,foreign_born_concept names the basis cell by cell; the analysis extract holds these cells in separate columns so its foreign_born is birthplace only; coverage and codebook updated. Not moved to foreign_nationals (that needs a universe check).,foreign_born_concept 逐格載明其基礎；分析用資料集將這些數值存放於獨立欄位，使其 foreign_born 僅含出生地數；涵蓋範圍與變項說明書已更新。未移入 foreign_nationals（那需先查核母體範圍）。,Resolved; one decision left to the authors,已解決；有一項決定留待作者
F05,5,Eurostat detections described as repeat events,Eurostat 查獲數被描述為重複事件,Confirmed,屬實,"Read the Eurostat enforcement metadata (migr_eil ESMS): ""Each person is counted only once within the reference period""; units are persons; rounded to the nearest 5; and checked all 32 EU and country values of the 2023 table are multiples of 5. That the same person can recur in different years follows from the calendar-year period; the metadata does not say it. Mexico's source does count events.",讀取 Eurostat 執法統計後設資料（migr_eil ESMS）：「同一參考期間內每人僅計一次」；單位為人數；四捨五入至最接近之 5；並確認 2023 年表中 32 個歐盟與各國數值皆為 5 的倍數。同一人可於不同年度重複出現，係由曆年期間推得，後設資料並未明言。墨西哥之來源確實計事件數。,"Codebook, methods page, workbook and extract now state the unit per source (Eurostat persons, once per year; Mexico events; Turkey apprehended migrants); Chinese label 查獲人次 changed to 查獲人數.",變項說明書、研究方法頁、活頁簿與分析用資料集現依來源載明單位（Eurostat：人數，每年每人一次；墨西哥：事件數；土耳其：被逮捕之移民）；中文標籤「查獲人次」改為「查獲人數」。,Resolved,已解決
F06,6,Taiwan overstay citations and the 2021 value,臺灣逾期停留之引註與 2021 年數值,Confirmed,屬實,"The MOL PDF cited for 2012, 2013, 2019, 2020 and 2021 is Table 12-7 (absconded workers). 66,696 and 69,929 are in the Legislative Yuan report of July 2019 (附表11); 83,465 and 86,061 in its September 2021 Table 1; 81,538 is in no archived document, and a further search of National Immigration Agency and Legislative Yuan documents found no end-2021 total.","2012、2013、2019、2020、2021 年所引之勞動部 PDF 為表 12-7（失聯移工）。66,696 與 69,929 見立法院預算中心 2019 年 7 月報告（附表11）；83,465 與 86,061 見其 2021 年 9 月報告表 1；81,538 不在任何存檔文件中，再查移民署與立法院文件亦無 2021 年底總數。","Citations repointed to the reports that hold the numbers; 2019-2020 dates stated as ""month not stated""; 2021 deleted (deleted_values.csv). While checking, the absconded-worker value for 2019 was found to be the 31 July figure in a year-end column and was replaced by the year-end 48,491.","引註已改指載有該數字之報告；2019–2020 年之日期標示為「來源未載月份」；2021 年數值刪除（deleted_values.csv）。查核過程中發現 2019 年失聯移工數為年底欄中之 7 月 31 日數字，已改為年底數 48,491。",Resolved,已解決
F07,7,Taiwan overstay universe,臺灣逾期停留之母體,Confirmed,屬實,"附表11 splits each year-end total into foreign nationals, mainland Chinese, Hong Kong/Macao and nationals without household registration; the panel values equal the totals, not the foreign-national column, for 2012-2018, and 2019-2020 are the same series.",附表11 將各年底總數拆為外國人、大陸地區人民、港澳居民與無戶籍國民；panel 於 2012–2018 年之數值等於總數而非外國人欄，2019–2020 年為同一序列。,Notes and the codebook now say the total covers all categories; the foreign-national component for 2012-2018 is an alternative. Which universe the study needs is the authors' decision; the total was kept because it is the only consistent series for 2012-2020.,備註與變項說明書現載明該總數涵蓋所有類別；2012–2018 年之外國人部分為替代值。研究需要何種母體由作者決定；保留總數，因其為 2012–2020 年唯一一致之序列。,Resolved; one decision left to the authors,已解決；有一項決定留待作者
F08,8,Taiwan population 2010-2016 rounded,臺灣 2010–2016 人口被四捨五入,Confirmed,屬實,"MOI Statistical Yearbook 2019 edition, PDF page 151, prints exact totals (23,162,123 ... 23,539,816); the panel held the NDC figures rounded to thousands; differences -123 to +483.","內政部統計年報 108 年版 PDF 第 151 頁載有精確總數（23,162,123 … 23,539,816）；panel 所載為國發會四捨五入至千位之數，差異為 −123 至 +483。",Exact totals now (grade B: read from a printed table); 2001-2009 stay rounded to thousands and the cell text and codebook say so; shares recomputed.,現採精確總數（B 級：讀自印刷表格）；2001–2009 年仍為千位且儲存格文字與變項說明書已載明；占比已重算。,Resolved,已解決
F09,9,Australia: citizenship-data unavailability overstated,澳洲：公民身分資料不可得之說法過當,"Confirmed, with a qualification",屬實（附保留）,"Fetched the ABS 2021 Census QuickStats page (2102_AUS): the national total column gives 2,808,214 not Australian citizens (11.0%); the figure sits on a country-of-birth page, the all-persons page has no citizenship row, and 5.1% did not state.","取得澳洲統計局 2021 年普查 QuickStats 頁（2102_AUS）：全國總數欄為 2,808,214 人非澳洲公民（11.0%）；該數字位於出生地頁面，全體人口頁面無公民身分列，且有 5.1% 未填答。","The change report's ""ABS QuickStats carry no citizenship totals"" was wrong and is corrected in the known issues. Not added to the panel: the universe (not stated, overseas visitors) is for the authors to settle; nothing was interpolated.",變更報告所稱「ABS QuickStats 無公民身分總數」有誤，已於已知問題中更正。未加入 panel：母體範圍（未填答、海外訪客）留待作者決定；未作任何內插。,Open: for the authors,未結：留待作者
F10,10,South Africa 2011: citizenship question exists,南非 2011：確有公民身分題,Confirmed,屬實,"Downloaded the official Census 2011 in Brief: Table 2.17 ""South African citizenship by province"": Yes 48,949,338, No 1,692,242, total 50,641,580 (census population 51,770,560); the enumeration form asks ""Is (name) a South African citizen? Yes / No"".","下載官方《2011 年普查簡報》：表 2.17「各省南非公民身分」：是 48,949,338、否 1,692,242、合計 50,641,580（普查人口 51,770,560）；調查表題目為「（姓名）是否為南非公民？是／否」。","The availability memo's ""no citizenship question"" is false and is corrected there. Not added: 1,128,980 persons are outside the table and the universe is the authors' call; the foreign-born subgroup count is not substituted.","可得性備忘錄所稱「無公民身分題」有誤，已於該處更正。未加入：有 1,128,980 人不在該表內，母體範圍由作者決定；亦不以外國出生子群之數取代。",Open: for the authors,未結：留待作者
F11,11,Blanket OECD reference-date statement,籠統之 OECD 基準日說法,Confirmed,屬實,"Read the OECD International Migration Outlook 2024 metadata for the foreign-born and foreign-population tables: only Australia states 30 June; Japan, Turkey, the United Kingdom and Germany state 1 January for the foreign population; many (United States, Chile, Mexico, New Zealand, Israel, United Kingdom foreign-born) state no date. (OECD's own page blocked automated access; a mirror of the printed annex was read.)",讀取《OECD 國際移民展望 2024》外國出生人口與外國人口表之後設資料：僅澳洲載明 6 月 30 日；日本、土耳其、英國與德國之外國人口載明 1 月 1 日；多國（美國、智利、墨西哥、紐西蘭、以色列、英國之外國出生人口）未載明日期。（OECD 官網阻擋自動化存取，改讀其印刷附錄之鏡像。）,"The blanket statements in the methods page, codebook, workbook README and analysis extract are replaced by the source-specific wording; per-value dates were already in *_ref_date and are unchanged; no year was shifted.",研究方法頁、變項說明書、活頁簿 README 與分析用資料集中籠統之說法已改為依來源之文字；逐值之日期原已載於 *_ref_date 且未變；未移動任何年度。,Resolved,已解決
F12,12,Splice rule: mean absolute gap not implemented,接合規則：未實作平均絕對差距,Confirmed,屬實,"The collector tested abs(mean(gap)). Recomputed for all 28 splices: Germany foreign-born signed +1.565%, mean absolute 7.372%; Portugal foreign-born -5.892% and 21.290%; 8 series reach 5% by the declared rule against 7 reported.",收集程式檢定的是 abs(mean(gap))。重算全部 28 組接續序列：德國外國出生人口有號 +1.565%、平均絕對 7.372%；葡萄牙外國出生人口 −5.892% 與 21.290%；依所宣告之規則有 8 組達 5%，原報告為 7 組。,"Rule implemented as stated; both the signed mean and the mean absolute gap are in extension_splice_summary.csv; Germany 2006-2008 now carries ""splice (large gap)""; flags, summaries and pages regenerated.",依所述規則實作；有號平均與平均絕對差距均載於 extension_splice_summary.csv；德國 2006–2008 年現標示「splice (large gap)」；旗標、摘要與頁面已重新產生。,Resolved,已解決
F13,13,Ten trend-usability descriptions,十項趨勢可用性描述,Confirmed,屬實,"Recomputed continuity and the Eurostat break flags for every series: exactly the ten series the audit named change category, and no other series does.",重算每組序列之連續性與 Eurostat 斷裂旗標：恰為稽核所列十組序列改變類別，其餘皆無。,"Coverage, continuity and comparability are separated: ""continuous"" is given only to a single-source series with no missing years inside its span and no publisher-flagged break; the years are listed in data_quality.csv (continuity_detail).",涵蓋、連續性與可比較性分開處理：僅對單一來源、期間內無缺漏年度且無出版機構標示斷裂之序列給予「連續」；年度明細列於 data_quality.csv（continuity_detail）。,Resolved,已解決
F14,14,Rejected inputs in the irregular-estimates table,無證估計表中之被否決輸入值,Confirmed,屬實,"Compared every record with the current panel: 39 Eurostat detections for Switzerland, Portugal and Sweden are the year-shifted input values; Taiwan missing-worker counts sit under the overstay variable; Israel components.",逐筆與現行 panel 比對：瑞士、葡萄牙、瑞典之 39 筆 Eurostat 查獲數為位移一年之輸入值；臺灣失聯移工數置於逾期停留變項下；以色列為分項。,"Every record has a status (current, valid alternative, rejected, superseded, reclassified, deleted, component) and a reason; Chile's alternatives rebuilt; Taiwan components added.",每筆均有狀態（現行、有效替代值、被否決、被取代、重新歸類、已刪除、分項）與理由；智利之替代值已重建；已加入臺灣之分項。,Resolved,已解決
F15,15,Country source tables: used_in_panel,各國來源表：used_in_panel,Confirmed,屬實,Recomputed against the panel: 51 records marked yes did not match (39 + 4 + 7 + 1).,與 panel 重新比對：51 筆標示為 yes 者並不相符（39＋4＋7＋1）。,"used_in_panel is recomputed for every row, historical_status says why a record is not used, and every current panel value without a row (extension, corrected, added) was added; country READMEs describe the file correctly.",每列之 used_in_panel 皆已重算，historical_status 說明該筆為何未採用，並為每個尚無對應列之現行 panel 數值（延伸、更正、新增）補列；各國 README 已正確描述該檔。,Resolved,已解決
F16,16,Secondary workbook is not an equivalent dataset,次要活頁簿並非等效資料集,Confirmed,屬實,"Compared 1,696 primary values: 17 differ. Six of them are values the panel omitted although archived sources support them (Australia 2015 in the DIBP Annual Report p.63; Japan 2010, 2012, 2013, 2015 in ISA Table 21 p.46; Iceland 2021 in the archived Eurostat payload).","比對 1,696 個主要數值：17 項不同。其中六項為 panel 遺漏而存檔來源可支持者（澳洲 2015 見 DIBP 年報第 63 頁；日本 2010、2012、2013、2015 見入國管理局表 21 第 46 頁；冰島 2021 見存檔之 Eurostat 回應）。",6 values added to the panel; every difference has a disposition (secondary_workbook_differences.csv); the workbook is labelled a historical compilation in the data page and ABOUT_THE_TWO_WORKBOOKS.md.,已將 6 個數值加入 panel；每項差異均有處置（secondary_workbook_differences.csv）；資料頁與 ABOUT_THE_TWO_WORKBOOKS.md 已將該活頁簿標示為歷史彙編。,Resolved,已解決
F17,17,ABOUT_THE_TWO_WORKBOOKS.md is stale,ABOUT_THE_TWO_WORKBOOKS.md 已過時,Confirmed,屬實,"Read the file: first-release counts (2,454 checks, 49 corrections, grades with six D) and a first-release sheet list, undated.","閱讀該檔：載有未標日期之首次發布數字（2,454 筆查核、49 項更正、含 6 筆 D 級之等級）與首次發布之工作表清單。",Rewritten for the 2001-2022 release with computed numbers; first-release figures kept as dated history.,已為 2001–2022 版本重寫並採用計算所得數字；首次發布之數字作為標示日期之歷史保留。,Resolved,已解決
F18,18,"Methods page: stale coverage, grade and denominator statements",研究方法頁：過時之涵蓋、等級與分母敘述,Confirmed,屬實,"Checked each: 35 vs 34 countries (35 is right); 10.6% stock coverage (57/880 = 6.5%; 11.0% of 2010-2022 country-years); ""six values graded D"" (D = 0); ""26 country-years over 3%"" (30; 25 in 2010-2022).",逐項查核：35 對 34 國（35 為正確）；存量涵蓋 10.6%（57/880＝6.5%；2010–2022 年國家—年度之 11.0%）；「6 筆 D 級」（D＝0）；「26 個國家—年度差異超過 3%」（實為 30；2010–2022 年為 25）。,"The statements are generated from the data in both languages, with the denominator stated.",各敘述現由資料產生（中英文版），並載明分母。,Resolved,已解決
F19,19,Known-issue actions and missingness wording,已知問題之處置建議與缺漏說明,Confirmed,屬實,"Checked the ""other 34 countries"" action (35 now), the register-versus-census wording, and the country READMEs.",查核「其他 34 國」之建議（現為 35 國）、登記與普查之用語，以及各國 README。,"Annual availability, census availability, attempts and comparability are separated in the issue texts; the counts are computed; folder descriptions corrected; dated first-release observations kept as history.",問題內容已將逐年可得性、普查可得性、嘗試過程與可比較性分開；數字為計算所得；資料夾描述已更正；標示日期之首次發布觀察保留為歷史。,Resolved,已解決
F20,20,Grades and the criteria they state,等級與其所述之判準,Confirmed,屬實,"Listed grade-A cells whose verification is not a machine-readable decode: exactly 19 (13 Taiwan population, 5 Taiwan overstay, UK foreign-born 2020).",列出驗證並非機器可讀解出之 A 級格：恰為 19 格（臺灣人口 13、臺灣逾期停留 5、英國外國出生 2020）。,"Grades are defined by provenance (A decoded from a machine-readable source; B read from an archived document; C published estimate or range; D none, deleted); precision and comparability are kept apart; the 19 were regraded B (one of the five Taiwan overstay values has since been deleted).",等級依出處定義（A：由機器可讀來源解出；B：讀自已存檔文件；C：公布之推估值或區間；D：無，已刪除）；精確度與可比較性另行處理；該 19 格已改評 B 級（五筆臺灣逾期停留中有一筆其後已刪除）。,Resolved,已解決
F21,21,Reproducibility and source-artifact routing,可重現性與來源檔案之指向,Confirmed,屬實,"Counted the register's data_raw/ placeholders (232), looked for the sources/ folders the READMEs describe (none), and for the build-site.mjs the old report names (not in the archive).",清點來源清冊中 data_raw/ 之佔位符（232 筆）、查找各 README 所述 sources/ 資料夾（不存在），以及舊報告所稱 build-site.mjs（不在本存檔）。,"REBUILD.md gives the supported order, names the first-release builders that must not be re-run, and pins the baseline; all placeholders now name exact files; README text corrected; the supported pipeline was run in an isolated clone and reproduced the committed files.",REBUILD.md 載明受支援之順序、不得重跑之首次發布建置程式，並固定基準；佔位符現皆指向確切檔案；README 文字已更正；受支援之流程已在隔離之複本中執行並重現所提交之檔案。,Resolved,已解決
F22,22,Source reachability claims,來源可連線性之說法,"Confirmed, with a qualification",屬實（附保留）,"Re-tested the failures with curl and valid TLS: three URLs return 404 (porCausa, Nisshinkyo, SEM), several block automated clients (403), two hosts did not answer; the two INE pages that my sweep of the same day had recorded as unreachable answer on retry. The audit and the archive used different URL sets (193 vs 194), so the counts differ.",以 curl 並啟用有效 TLS 重測失敗者：三個網址回 404（porCausa、Nisshinkyo、SEM），數個封鎖自動化用戶端（403），兩個主機未回應；本存檔當日掃描曾記為無法連線之兩個 INE 頁面，重試後可連線。稽核與本存檔所用網址集不同（193 對 194），故筆數不同。,"link_sweep.csv now records the date, the method and the first result of each check; failures are retried with curl and a transport failure is not called a dead link; each dead URL sits beside its archived copy; no grade D follows from a moved URL.",link_sweep.csv 現記錄每次檢查之日期、方法與首次結果；失敗者以 curl 重試，傳輸失敗不稱為失效連結；每個失效網址旁列有存檔副本；網址變動不導致 D 級。,Resolved,已解決
F23,23,Verification totals are comparison records,查證總數為比對紀錄,Confirmed,屬實,"The 2,737-row log is 2,454 first-release comparisons plus 283 re-checks; it contains no extension observation.","2,737 列之紀錄為 2,454 筆首次發布之比對加 283 筆複查；不含任何延伸觀測值。","Labelled as comparison records on the index, Verification and README pages; data/current_panel_verification.csv gives one row per current observation (source, year, unit, concept, grade, how checked, audit result); the chart check is a source-label validation beside the consistency checks.",已於首頁、查證紀錄頁與 README 標示為比對紀錄；data/current_panel_verification.csv 為現行每筆觀測值一列（來源、年度、單位、概念、等級、查核方式、稽核結果）；圖表檢查為與一致性檢查並列之來源標示驗證。,Resolved,已解決
F24,24,"Research construct, timing and comparability",研究概念、時間對齊與可比較性,"Confirmed, with a qualification",屬實（附保留）,"This is an analytical qualification, not a data error. Recounted the cases with foreign-born below foreign nationals: 25 in the audited revision, 24 now (Suriname 2012 no longer, after F03).",此為分析上之保留，並非資料錯誤。重算外國出生低於外國籍之案例：稽核版本為 25 個，現為 24 個（蘇利南 2012 因 F03 而不再屬此）。,"data/ANALYSIS_NOTES.md sets out the choices (construct, timing, universes, denominators, source families, breaks) and the sensitivity analyses, with the numbers behind each; the choices themselves are the authors' to make.",data/ANALYSIS_NOTES.md 列出各項選擇（概念、時間對齊、母體、分母、來源類型、斷裂）與敏感度分析及其數字；選擇本身由作者決定。,Open: for the authors,未結：留待作者
