iso3,country,variable,n_years,coverage,years,modal_grade,sources,usable_for_trend,continuity_detail,comparability
AUS,Australia,population,22,22/22,2001-2022,A,"World Bank, World Development Indicators (SP.POP.TOTL), sour",YES - continuous single-source series,,"Directly comparable. World Bank WDI mid-year for 39 countries; Taiwan is the registered (household-registration) year-end population, which excludes foreign residents."
AUS,Australia,foreign_born,22,22/22,2001-2022,A,OECD International Migration Database (stocks of foreign-bor,YES - continuous single-source series,,"Comparable in concept (born abroad) but sources differ in date and basis (Eurostat 1 January; OECD dates vary by country; UN DESA benchmark years, citizenship basis for some countries). Includes naturalised citizens."
AUS,Australia,foreign_nationals,0,0/22,,,,NO - no data,,"Closest match to ""non-nationals"". Not compiled as an annual series by every country; affected by naturalisation rates, so not a pure migration indicator. Some countries have census years only."
AUS,Australia,irregular_stock,0,0/22,,,,NO - no data,,"Not comparable across countries. Estimation method, year and definition differ."
AUS,Australia,irregular_proxy_overstayers,4,4/22,2010-2016,B,"ANU Press, A Long Way to Go, Chapter 2, Table 2.3 Estimated  | Australian Department of Immigration and Border Protection, ",NO - too few years for a trend (use as a level only),"missing years inside 2010-2016: 2012, 2013, 2014","Not comparable across countries. A heterogeneous stock proxy: register counts (Korea; Taiwan, all categories), official estimates (Japan, New Zealand; Australia's unlawful non-citizens, a broader group than overstayers) and one component (Israel). The universe differs by country."
AUS,Australia,irregular_proxy_detections,0,0/22,,,,NO - no data,,"Not comparable across countries, and an annual FLOW of detections, not a stock. Unit differs by source (Eurostat: persons, once per year; Mexico: events). Driven by enforcement intensity and position on migration routes."
AUT,Austria,population,22,22/22,2001-2022,A,"World Bank, World Development Indicators (SP.POP.TOTL), sour",YES - continuous single-source series,,"Directly comparable. World Bank WDI mid-year for 39 countries; Taiwan is the registered (household-registration) year-end population, which excludes foreign residents."
AUT,Austria,foreign_born,22,22/22,2001-2022,A,Eurostat [migr_pop3ctb] | OECD International Migration Database (stocks of foreign-bor,CAUTION - 10+ years but more than one source in the series,,"Comparable in concept (born abroad) but sources differ in date and basis (Eurostat 1 January; OECD dates vary by country; UN DESA benchmark years, citizenship basis for some countries). Includes naturalised citizens."
AUT,Austria,foreign_nationals,22,22/22,2001-2022,A,Eurostat [migr_pop1ctz],YES - continuous single-source series,,"Closest match to ""non-nationals"". Not compiled as an annual series by every country; affected by naturalisation rates, so not a pure migration indicator. Some countries have census years only."
AUT,Austria,irregular_stock,1,1/22,2017-2017,C,"Pew Research Center (2019), Europe's Unauthorized Immigrant ",NO - too few years for a trend (use as a level only),,"Not comparable across countries. Estimation method, year and definition differ."
AUT,Austria,irregular_proxy_overstayers,0,0/22,,,,NO - no data,,"Not comparable across countries. A heterogeneous stock proxy: register counts (Korea; Taiwan, all categories), official estimates (Japan, New Zealand; Australia's unlawful non-citizens, a broader group than overstayers) and one component (Israel). The universe differs by country."
AUT,Austria,irregular_proxy_detections,13,13/22,2010-2022,A,"Eurostat, Third country nationals found to be illegally pres",YES - continuous single-source series,,"Not comparable across countries, and an annual FLOW of detections, not a stock. Unit differs by source (Eurostat: persons, once per year; Mexico: events). Driven by enforcement intensity and position on migration routes."
BEL,Belgium,population,22,22/22,2001-2022,A,"World Bank, World Development Indicators (SP.POP.TOTL), sour",YES - continuous single-source series,,"Directly comparable. World Bank WDI mid-year for 39 countries; Taiwan is the registered (household-registration) year-end population, which excludes foreign residents."
BEL,Belgium,foreign_born,22,22/22,2001-2022,A,Eurostat [migr_pop3ctb] | OECD International Migration Database (stocks of foreign-bor,CAUTION - 10+ years but more than one source in the series,publisher flags a break in the series in 2011,"Comparable in concept (born abroad) but sources differ in date and basis (Eurostat 1 January; OECD dates vary by country; UN DESA benchmark years, citizenship basis for some countries). Includes naturalised citizens."
BEL,Belgium,foreign_nationals,22,22/22,2001-2022,A,Eurostat [migr_pop1ctz],"CAUTION - single source, but the publisher flags a break in the series",publisher flags a break in the series in 2011,"Closest match to ""non-nationals"". Not compiled as an annual series by every country; affected by naturalisation rates, so not a pure migration indicator. Some countries have census years only."
BEL,Belgium,irregular_stock,0,0/22,,,,NO - no data,,"Not comparable across countries. Estimation method, year and definition differ."
BEL,Belgium,irregular_proxy_overstayers,0,0/22,,,,NO - no data,,"Not comparable across countries. A heterogeneous stock proxy: register counts (Korea; Taiwan, all categories), official estimates (Japan, New Zealand; Australia's unlawful non-citizens, a broader group than overstayers) and one component (Israel). The universe differs by country."
BEL,Belgium,irregular_proxy_detections,13,13/22,2010-2022,A,"Eurostat, Third country nationals found to be illegally pres",YES - continuous single-source series,,"Not comparable across countries, and an annual FLOW of detections, not a stock. Unit differs by source (Eurostat: persons, once per year; Mexico: events). Driven by enforcement intensity and position on migration routes."
BGR,Bulgaria,population,22,22/22,2001-2022,A,"World Bank, World Development Indicators (SP.POP.TOTL), sour",YES - continuous single-source series,,"Directly comparable. World Bank WDI mid-year for 39 countries; Taiwan is the registered (household-registration) year-end population, which excludes foreign residents."
BGR,Bulgaria,foreign_born,13,13/22,2005-2022,A,Eurostat [migr_pop3ctb] | UN DESA International Migrant Stock (World Bank indicator SM,CAUTION - 10+ years but more than one source in the series,"missing years inside 2005-2022: 2006, 2007, 2008, 2009, 2010","Comparable in concept (born abroad) but sources differ in date and basis (Eurostat 1 January; OECD dates vary by country; UN DESA benchmark years, citizenship basis for some countries). Includes naturalised citizens."
BGR,Bulgaria,foreign_nationals,15,15/22,2008-2022,A,Eurostat [migr_pop1ctz],YES - continuous single-source series,,"Closest match to ""non-nationals"". Not compiled as an annual series by every country; affected by naturalisation rates, so not a pure migration indicator. Some countries have census years only."
BGR,Bulgaria,irregular_stock,0,0/22,,,,NO - no data,,"Not comparable across countries. Estimation method, year and definition differ."
BGR,Bulgaria,irregular_proxy_overstayers,0,0/22,,,,NO - no data,,"Not comparable across countries. A heterogeneous stock proxy: register counts (Korea; Taiwan, all categories), official estimates (Japan, New Zealand; Australia's unlawful non-citizens, a broader group than overstayers) and one component (Israel). The universe differs by country."
BGR,Bulgaria,irregular_proxy_detections,13,13/22,2010-2022,A,"Eurostat, Third country nationals found to be illegally pres",YES - continuous single-source series,,"Not comparable across countries, and an annual FLOW of detections, not a stock. Unit differs by source (Eurostat: persons, once per year; Mexico: events). Driven by enforcement intensity and position on migration routes."
CHL,Chile,population,22,22/22,2001-2022,A,"World Bank, World Development Indicators (SP.POP.TOTL), sour",YES - continuous single-source series,,"Directly comparable. World Bank WDI mid-year for 39 countries; Taiwan is the registered (household-registration) year-end population, which excludes foreign residents."
CHL,Chile,foreign_born,18,18/22,2003-2022,A,OECD International Migration Database (stocks of foreign-bor,"CAUTION - single source, but years are missing inside the span","missing years inside 2003-2022: 2016, 2018","Comparable in concept (born abroad) but sources differ in date and basis (Eurostat 1 January; OECD dates vary by country; UN DESA benchmark years, citizenship basis for some countries). Includes naturalised citizens."
CHL,Chile,foreign_nationals,6,6/22,2017-2022,A,OECD International Migration Database (stocks of foreign pop,CAUTION - partial coverage,,"Closest match to ""non-nationals"". Not compiled as an annual series by every country; affected by naturalisation rates, so not a pure migration indicator. Some countries have census years only."
CHL,Chile,irregular_stock,5,5/22,2018-2022,B,Instituto Nacional de Estadisticas (INE) and Servicio Nacion,CAUTION - partial coverage,,"Not comparable across countries. Estimation method, year and definition differ."
CHL,Chile,irregular_proxy_overstayers,0,0/22,,,,NO - no data,,"Not comparable across countries. A heterogeneous stock proxy: register counts (Korea; Taiwan, all categories), official estimates (Japan, New Zealand; Australia's unlawful non-citizens, a broader group than overstayers) and one component (Israel). The universe differs by country."
CHL,Chile,irregular_proxy_detections,0,0/22,,,,NO - no data,,"Not comparable across countries, and an annual FLOW of detections, not a stock. Unit differs by source (Eurostat: persons, once per year; Mexico: events). Driven by enforcement intensity and position on migration routes."
CHN,China,population,22,22/22,2001-2022,A,"World Bank, World Development Indicators (SP.POP.TOTL), sour",YES - continuous single-source series,,"Directly comparable. World Bank WDI mid-year for 39 countries; Taiwan is the registered (household-registration) year-end population, which excludes foreign residents."
CHN,China,foreign_born,4,4/22,2005-2020,A,UN DESA International Migrant Stock (World Bank indicator SM,NO - too few years for a trend (use as a level only),"missing years inside 2005-2020: 2006, 2007, 2008, 2009, 2011, 2012, 2013, 2014, 2016, 2017, 2018, 2019","Comparable in concept (born abroad) but sources differ in date and basis (Eurostat 1 January; OECD dates vary by country; UN DESA benchmark years, citizenship basis for some countries). Includes naturalised citizens."
CHN,China,foreign_nationals,2,2/22,2010-2020,B,National Bureau of Statistics of China - 2010 Population Cen | National Bureau of Statistics of China - Communique of the S,NO - too few years for a trend (use as a level only),"missing years inside 2010-2020: 2011, 2012, 2013, 2014, 2015, 2016, 2017, 2018, 2019","Closest match to ""non-nationals"". Not compiled as an annual series by every country; affected by naturalisation rates, so not a pure migration indicator. Some countries have census years only."
CHN,China,irregular_stock,0,0/22,,,,NO - no data,,"Not comparable across countries. Estimation method, year and definition differ."
CHN,China,irregular_proxy_overstayers,0,0/22,,,,NO - no data,,"Not comparable across countries. A heterogeneous stock proxy: register counts (Korea; Taiwan, all categories), official estimates (Japan, New Zealand; Australia's unlawful non-citizens, a broader group than overstayers) and one component (Israel). The universe differs by country."
CHN,China,irregular_proxy_detections,0,0/22,,,,NO - no data,,"Not comparable across countries, and an annual FLOW of detections, not a stock. Unit differs by source (Eurostat: persons, once per year; Mexico: events). Driven by enforcement intensity and position on migration routes."
HRV,Croatia,population,22,22/22,2001-2022,A,"World Bank, World Development Indicators (SP.POP.TOTL), sour",YES - continuous single-source series,,"Directly comparable. World Bank WDI mid-year for 39 countries; Taiwan is the registered (household-registration) year-end population, which excludes foreign residents."
HRV,Croatia,foreign_born,12,12/22,2005-2022,A,"Croatian Bureau of Statistics, Census 2011 | Eurostat [migr_pop3ctb] | UN DESA International Migrant Stock (World Bank indicator SM",CAUTION - 10+ years but more than one source in the series,"missing years inside 2005-2022: 2006, 2007, 2008, 2009, 2010, 2012; publisher flags a break in the series in 2022","Comparable in concept (born abroad) but sources differ in date and basis (Eurostat 1 January; OECD dates vary by country; UN DESA benchmark years, citizenship basis for some countries). Includes naturalised citizens."
HRV,Croatia,foreign_nationals,11,11/22,2011-2022,A,"Croatian Bureau of Statistics, Census 2011 | Eurostat [migr_pop1ctz]",CAUTION - 10+ years but more than one source in the series,missing years inside 2011-2022: 2012; publisher flags a break in the series in 2022,"Closest match to ""non-nationals"". Not compiled as an annual series by every country; affected by naturalisation rates, so not a pure migration indicator. Some countries have census years only."
HRV,Croatia,irregular_stock,0,0/22,,,,NO - no data,,"Not comparable across countries. Estimation method, year and definition differ."
HRV,Croatia,irregular_proxy_overstayers,0,0/22,,,,NO - no data,,"Not comparable across countries. A heterogeneous stock proxy: register counts (Korea; Taiwan, all categories), official estimates (Japan, New Zealand; Australia's unlawful non-citizens, a broader group than overstayers) and one component (Israel). The universe differs by country."
HRV,Croatia,irregular_proxy_detections,10,10/22,2013-2022,A,"Eurostat, Third country nationals found to be illegally pres",YES - continuous single-source series,,"Not comparable across countries, and an annual FLOW of detections, not a stock. Unit differs by source (Eurostat: persons, once per year; Mexico: events). Driven by enforcement intensity and position on migration routes."
CZE,Czech Republic,population,22,22/22,2001-2022,A,"World Bank, World Development Indicators (SP.POP.TOTL), sour",YES - continuous single-source series,,"Directly comparable. World Bank WDI mid-year for 39 countries; Taiwan is the registered (household-registration) year-end population, which excludes foreign residents."
CZE,Czech Republic,foreign_born,15,15/22,2001-2022,A,Eurostat [migr_pop3ctb] | OECD International Migration Database (stocks of foreign-bor,CAUTION - 10+ years but more than one source in the series,"missing years inside 2001-2022: 2002, 2003, 2004, 2005, 2006, 2007, 2008; publisher flags a break in the series in 2021, 2022","Comparable in concept (born abroad) but sources differ in date and basis (Eurostat 1 January; OECD dates vary by country; UN DESA benchmark years, citizenship basis for some countries). Includes naturalised citizens."
CZE,Czech Republic,foreign_nationals,22,22/22,2001-2022,A,Eurostat [migr_pop1ctz],"CAUTION - single source, but the publisher flags a break in the series",publisher flags a break in the series in 2021,"Closest match to ""non-nationals"". Not compiled as an annual series by every country; affected by naturalisation rates, so not a pure migration indicator. Some countries have census years only."
CZE,Czech Republic,irregular_stock,1,1/22,2017-2017,C,"Pew Research Center (2019), Europe's Unauthorized Immigrant ",NO - too few years for a trend (use as a level only),,"Not comparable across countries. Estimation method, year and definition differ."
CZE,Czech Republic,irregular_proxy_overstayers,0,0/22,,,,NO - no data,,"Not comparable across countries. A heterogeneous stock proxy: register counts (Korea; Taiwan, all categories), official estimates (Japan, New Zealand; Australia's unlawful non-citizens, a broader group than overstayers) and one component (Israel). The universe differs by country."
CZE,Czech Republic,irregular_proxy_detections,13,13/22,2010-2022,A,"Eurostat, Third country nationals found to be illegally pres",YES - continuous single-source series,,"Not comparable across countries, and an annual FLOW of detections, not a stock. Unit differs by source (Eurostat: persons, once per year; Mexico: events). Driven by enforcement intensity and position on migration routes."
DNK,Denmark,population,22,22/22,2001-2022,A,"World Bank, World Development Indicators (SP.POP.TOTL), sour",YES - continuous single-source series,,"Directly comparable. World Bank WDI mid-year for 39 countries; Taiwan is the registered (household-registration) year-end population, which excludes foreign residents."
DNK,Denmark,foreign_born,22,22/22,2001-2022,A,Eurostat [migr_pop3ctb] | OECD International Migration Database (stocks of foreign-bor,CAUTION - 10+ years but more than one source in the series,,"Comparable in concept (born abroad) but sources differ in date and basis (Eurostat 1 January; OECD dates vary by country; UN DESA benchmark years, citizenship basis for some countries). Includes naturalised citizens."
DNK,Denmark,foreign_nationals,22,22/22,2001-2022,A,Eurostat [migr_pop1ctz],YES - continuous single-source series,,"Closest match to ""non-nationals"". Not compiled as an annual series by every country; affected by naturalisation rates, so not a pure migration indicator. Some countries have census years only."
DNK,Denmark,irregular_stock,0,0/22,,,,NO - no data,,"Not comparable across countries. Estimation method, year and definition differ."
DNK,Denmark,irregular_proxy_overstayers,0,0/22,,,,NO - no data,,"Not comparable across countries. A heterogeneous stock proxy: register counts (Korea; Taiwan, all categories), official estimates (Japan, New Zealand; Australia's unlawful non-citizens, a broader group than overstayers) and one component (Israel). The universe differs by country."
DNK,Denmark,irregular_proxy_detections,13,13/22,2010-2022,A,"Eurostat, Third country nationals found to be illegally pres",YES - continuous single-source series,,"Not comparable across countries, and an annual FLOW of detections, not a stock. Unit differs by source (Eurostat: persons, once per year; Mexico: events). Driven by enforcement intensity and position on migration routes."
FIN,Finland,population,22,22/22,2001-2022,A,"World Bank, World Development Indicators (SP.POP.TOTL), sour",YES - continuous single-source series,,"Directly comparable. World Bank WDI mid-year for 39 countries; Taiwan is the registered (household-registration) year-end population, which excludes foreign residents."
FIN,Finland,foreign_born,22,22/22,2001-2022,A,Eurostat [migr_pop3ctb] | OECD International Migration Database (stocks of foreign-bor,CAUTION - 10+ years but more than one source in the series,,"Comparable in concept (born abroad) but sources differ in date and basis (Eurostat 1 January; OECD dates vary by country; UN DESA benchmark years, citizenship basis for some countries). Includes naturalised citizens."
FIN,Finland,foreign_nationals,22,22/22,2001-2022,A,Eurostat [migr_pop1ctz],YES - continuous single-source series,,"Closest match to ""non-nationals"". Not compiled as an annual series by every country; affected by naturalisation rates, so not a pure migration indicator. Some countries have census years only."
FIN,Finland,irregular_stock,0,0/22,,,,NO - no data,,"Not comparable across countries. Estimation method, year and definition differ."
FIN,Finland,irregular_proxy_overstayers,0,0/22,,,,NO - no data,,"Not comparable across countries. A heterogeneous stock proxy: register counts (Korea; Taiwan, all categories), official estimates (Japan, New Zealand; Australia's unlawful non-citizens, a broader group than overstayers) and one component (Israel). The universe differs by country."
FIN,Finland,irregular_proxy_detections,13,13/22,2010-2022,A,"Eurostat, Third country nationals found to be illegally pres",YES - continuous single-source series,,"Not comparable across countries, and an annual FLOW of detections, not a stock. Unit differs by source (Eurostat: persons, once per year; Mexico: events). Driven by enforcement intensity and position on migration routes."
FRA,France,population,22,22/22,2001-2022,A,"World Bank, World Development Indicators (SP.POP.TOTL), sour",YES - continuous single-source series,,"Directly comparable. World Bank WDI mid-year for 39 countries; Taiwan is the registered (household-registration) year-end population, which excludes foreign residents."
FRA,France,foreign_born,17,17/22,2006-2022,A,Eurostat [migr_pop3ctb] | OECD International Migration Database (stocks of foreign-bor,CAUTION - 10+ years but more than one source in the series,"publisher flags a break in the series in 2012, 2014","Comparable in concept (born abroad) but sources differ in date and basis (Eurostat 1 January; OECD dates vary by country; UN DESA benchmark years, citizenship basis for some countries). Includes naturalised citizens."
FRA,France,foreign_nationals,17,17/22,2006-2022,A,Eurostat [migr_pop1ctz] | OECD International Migration Database (stocks of foreign pop,CAUTION - 10+ years but more than one source in the series,"publisher flags a break in the series in 2012, 2014","Closest match to ""non-nationals"". Not compiled as an annual series by every country; affected by naturalisation rates, so not a pure migration indicator. Some countries have census years only."
FRA,France,irregular_stock,4,4/22,2014-2017,C,"Pew Research Center (2019), Europe's Unauthorized Immigrant ",NO - too few years for a trend (use as a level only),,"Not comparable across countries. Estimation method, year and definition differ."
FRA,France,irregular_proxy_overstayers,0,0/22,,,,NO - no data,,"Not comparable across countries. A heterogeneous stock proxy: register counts (Korea; Taiwan, all categories), official estimates (Japan, New Zealand; Australia's unlawful non-citizens, a broader group than overstayers) and one component (Israel). The universe differs by country."
FRA,France,irregular_proxy_detections,13,13/22,2010-2022,A,"Eurostat, Third country nationals found to be illegally pres","CAUTION - single source, but the publisher flags a break in the series",publisher flags a break in the series in 2014,"Not comparable across countries, and an annual FLOW of detections, not a stock. Unit differs by source (Eurostat: persons, once per year; Mexico: events). Driven by enforcement intensity and position on migration routes."
DEU,Germany,population,22,22/22,2001-2022,A,"World Bank, World Development Indicators (SP.POP.TOTL), sour",YES - continuous single-source series,,"Directly comparable. World Bank WDI mid-year for 39 countries; Taiwan is the registered (household-registration) year-end population, which excludes foreign residents."
DEU,Germany,foreign_born,17,17/22,2006-2022,A,Eurostat [migr_pop3ctb] | OECD International Migration Database (stocks of foreign-bor,CAUTION - 10+ years but more than one source in the series,"publisher flags a break in the series in 2011, 2012, 2013","Comparable in concept (born abroad) but sources differ in date and basis (Eurostat 1 January; OECD dates vary by country; UN DESA benchmark years, citizenship basis for some countries). Includes naturalised citizens."
DEU,Germany,foreign_nationals,22,22/22,2001-2022,A,Eurostat [migr_pop1ctz],YES - continuous single-source series,,"Closest match to ""non-nationals"". Not compiled as an annual series by every country; affected by naturalisation rates, so not a pure migration indicator. Some countries have census years only."
DEU,Germany,irregular_stock,4,4/22,2014-2017,C,"Pew Research Center (2019), Europe's Unauthorized Immigrant ",NO - too few years for a trend (use as a level only),,"Not comparable across countries. Estimation method, year and definition differ."
DEU,Germany,irregular_proxy_overstayers,0,0/22,,,,NO - no data,,"Not comparable across countries. A heterogeneous stock proxy: register counts (Korea; Taiwan, all categories), official estimates (Japan, New Zealand; Australia's unlawful non-citizens, a broader group than overstayers) and one component (Israel). The universe differs by country."
DEU,Germany,irregular_proxy_detections,13,13/22,2010-2022,A,"Eurostat, Third country nationals found to be illegally pres",YES - continuous single-source series,,"Not comparable across countries, and an annual FLOW of detections, not a stock. Unit differs by source (Eurostat: persons, once per year; Mexico: events). Driven by enforcement intensity and position on migration routes."
HUN,Hungary,population,22,22/22,2001-2022,A,"World Bank, World Development Indicators (SP.POP.TOTL), sour",YES - continuous single-source series,,"Directly comparable. World Bank WDI mid-year for 39 countries; Taiwan is the registered (household-registration) year-end population, which excludes foreign residents."
HUN,Hungary,foreign_born,22,22/22,2001-2022,A,Eurostat [migr_pop3ctb] | OECD International Migration Database (stocks of foreign-bor,CAUTION - 10+ years but more than one source in the series,,"Comparable in concept (born abroad) but sources differ in date and basis (Eurostat 1 January; OECD dates vary by country; UN DESA benchmark years, citizenship basis for some countries). Includes naturalised citizens."
HUN,Hungary,foreign_nationals,22,22/22,2001-2022,A,Eurostat [migr_pop1ctz],YES - continuous single-source series,,"Closest match to ""non-nationals"". Not compiled as an annual series by every country; affected by naturalisation rates, so not a pure migration indicator. Some countries have census years only."
HUN,Hungary,irregular_stock,0,0/22,,,,NO - no data,,"Not comparable across countries. Estimation method, year and definition differ."
HUN,Hungary,irregular_proxy_overstayers,0,0/22,,,,NO - no data,,"Not comparable across countries. A heterogeneous stock proxy: register counts (Korea; Taiwan, all categories), official estimates (Japan, New Zealand; Australia's unlawful non-citizens, a broader group than overstayers) and one component (Israel). The universe differs by country."
HUN,Hungary,irregular_proxy_detections,13,13/22,2010-2022,A,"Eurostat, Third country nationals found to be illegally pres",YES - continuous single-source series,,"Not comparable across countries, and an annual FLOW of detections, not a stock. Unit differs by source (Eurostat: persons, once per year; Mexico: events). Driven by enforcement intensity and position on migration routes."
ISL,Iceland,population,22,22/22,2001-2022,A,"World Bank, World Development Indicators (SP.POP.TOTL), sour",YES - continuous single-source series,,"Directly comparable. World Bank WDI mid-year for 39 countries; Taiwan is the registered (household-registration) year-end population, which excludes foreign residents."
ISL,Iceland,foreign_born,22,22/22,2001-2022,A,Eurostat [migr_pop3ctb] | OECD International Migration Database (stocks of foreign-bor,CAUTION - 10+ years but more than one source in the series,,"Comparable in concept (born abroad) but sources differ in date and basis (Eurostat 1 January; OECD dates vary by country; UN DESA benchmark years, citizenship basis for some countries). Includes naturalised citizens."
ISL,Iceland,foreign_nationals,22,22/22,2001-2022,A,Eurostat [migr_pop1ctz] | OECD International Migration Database (stocks of foreign pop,CAUTION - 10+ years but more than one source in the series,,"Closest match to ""non-nationals"". Not compiled as an annual series by every country; affected by naturalisation rates, so not a pure migration indicator. Some countries have census years only."
ISL,Iceland,irregular_stock,0,0/22,,,,NO - no data,,"Not comparable across countries. Estimation method, year and definition differ."
ISL,Iceland,irregular_proxy_overstayers,0,0/22,,,,NO - no data,,"Not comparable across countries. A heterogeneous stock proxy: register counts (Korea; Taiwan, all categories), official estimates (Japan, New Zealand; Australia's unlawful non-citizens, a broader group than overstayers) and one component (Israel). The universe differs by country."
ISL,Iceland,irregular_proxy_detections,4,4/22,2016-2021,A,"Eurostat, Third country nationals found to be illegally pres",NO - too few years for a trend (use as a level only),"missing years inside 2016-2021: 2018, 2020","Not comparable across countries, and an annual FLOW of detections, not a stock. Unit differs by source (Eurostat: persons, once per year; Mexico: events). Driven by enforcement intensity and position on migration routes."
IND,India,population,22,22/22,2001-2022,A,"World Bank, World Development Indicators (SP.POP.TOTL), sour",YES - continuous single-source series,,"Directly comparable. World Bank WDI mid-year for 39 countries; Taiwan is the registered (household-registration) year-end population, which excludes foreign residents."
IND,India,foreign_born,6,6/22,2001-2020,A,"Office of the Registrar General & Census Commissioner, India | UN DESA International Migrant Stock (World Bank indicator SM","CAUTION - partial coverage, with gaps","missing years inside 2001-2020: 2002, 2003, 2004, 2006, 2007, 2008, 2009, 2012, 2013, 2014, 2016, 2017, 2018, 2019","Comparable in concept (born abroad) but sources differ in date and basis (Eurostat 1 January; OECD dates vary by country; UN DESA benchmark years, citizenship basis for some countries). Includes naturalised citizens."
IND,India,foreign_nationals,0,0/22,,,,NO - no data,,"Closest match to ""non-nationals"". Not compiled as an annual series by every country; affected by naturalisation rates, so not a pure migration indicator. Some countries have census years only."
IND,India,irregular_stock,0,0/22,,,,NO - no data,,"Not comparable across countries. Estimation method, year and definition differ."
IND,India,irregular_proxy_overstayers,0,0/22,,,,NO - no data,,"Not comparable across countries. A heterogeneous stock proxy: register counts (Korea; Taiwan, all categories), official estimates (Japan, New Zealand; Australia's unlawful non-citizens, a broader group than overstayers) and one component (Israel). The universe differs by country."
IND,India,irregular_proxy_detections,0,0/22,,,,NO - no data,,"Not comparable across countries, and an annual FLOW of detections, not a stock. Unit differs by source (Eurostat: persons, once per year; Mexico: events). Driven by enforcement intensity and position on migration routes."
ISR,Israel,population,22,22/22,2001-2022,A,"World Bank, World Development Indicators (SP.POP.TOTL), sour",YES - continuous single-source series,,"Directly comparable. World Bank WDI mid-year for 39 countries; Taiwan is the registered (household-registration) year-end population, which excludes foreign residents."
ISR,Israel,foreign_born,22,22/22,2001-2022,A,OECD International Migration Database (stocks of foreign-bor,YES - continuous single-source series,,"Comparable in concept (born abroad) but sources differ in date and basis (Eurostat 1 January; OECD dates vary by country; UN DESA benchmark years, citizenship basis for some countries). Includes naturalised citizens."
ISR,Israel,foreign_nationals,0,0/22,,,,NO - no data,,"Closest match to ""non-nationals"". Not compiled as an annual series by every country; affected by naturalisation rates, so not a pure migration indicator. Some countries have census years only."
ISR,Israel,irregular_stock,1,1/22,2022-2022,B,Israel Population and Immigration Authority (רשות האוכלוסין ,NO - too few years for a trend (use as a level only),,"Not comparable across countries. Estimation method, year and definition differ."
ISR,Israel,irregular_proxy_overstayers,1,1/22,2020-2020,B,Israel Central Bureau of Statistics press release of 27 Janu,NO - too few years for a trend (use as a level only),,"Not comparable across countries. A heterogeneous stock proxy: register counts (Korea; Taiwan, all categories), official estimates (Japan, New Zealand; Australia's unlawful non-citizens, a broader group than overstayers) and one component (Israel). The universe differs by country."
ISR,Israel,irregular_proxy_detections,0,0/22,,,,NO - no data,,"Not comparable across countries, and an annual FLOW of detections, not a stock. Unit differs by source (Eurostat: persons, once per year; Mexico: events). Driven by enforcement intensity and position on migration routes."
ITA,Italy,population,22,22/22,2001-2022,A,"World Bank, World Development Indicators (SP.POP.TOTL), sour",YES - continuous single-source series,,"Directly comparable. World Bank WDI mid-year for 39 countries; Taiwan is the registered (household-registration) year-end population, which excludes foreign residents."
ITA,Italy,foreign_born,21,21/22,2002-2022,A,Eurostat [migr_pop3ctb],"CAUTION - single source, but the publisher flags a break in the series",publisher flags a break in the series in 2019,"Comparable in concept (born abroad) but sources differ in date and basis (Eurostat 1 January; OECD dates vary by country; UN DESA benchmark years, citizenship basis for some countries). Includes naturalised citizens."
ITA,Italy,foreign_nationals,22,22/22,2001-2022,A,Eurostat [migr_pop1ctz] | OECD International Migration Database (stocks of foreign pop,CAUTION - 10+ years but more than one source in the series,publisher flags a break in the series in 2019,"Closest match to ""non-nationals"". Not compiled as an annual series by every country; affected by naturalisation rates, so not a pure migration indicator. Some countries have census years only."
ITA,Italy,irregular_stock,13,13/22,2010-2022,B,"Fondazione Cariplo, XXVIII Rapporto ISMU sulle migrazioni 20 | Fondazione ISMU estimate, reported in Neodemos | Fondazione ISMU, Stima della presenza straniera in Italia pe | Fondazione ISMU, Stime stranieri irregolari 1991-2021 (agg.  | Fondazione ISMU, XXII Rapporto sulle migrazioni 2016 | Fondazione ISMU, XXIV Rapporto sulle migrazioni 2018",CAUTION - 10+ years but more than one source in the series,,"Not comparable across countries. Estimation method, year and definition differ."
ITA,Italy,irregular_proxy_overstayers,0,0/22,,,,NO - no data,,"Not comparable across countries. A heterogeneous stock proxy: register counts (Korea; Taiwan, all categories), official estimates (Japan, New Zealand; Australia's unlawful non-citizens, a broader group than overstayers) and one component (Israel). The universe differs by country."
ITA,Italy,irregular_proxy_detections,13,13/22,2010-2022,A,"Eurostat, Third country nationals found to be illegally pres",YES - continuous single-source series,,"Not comparable across countries, and an annual FLOW of detections, not a stock. Unit differs by source (Eurostat: persons, once per year; Mexico: events). Driven by enforcement intensity and position on migration routes."
JPN,Japan,population,22,22/22,2001-2022,A,"World Bank, World Development Indicators (SP.POP.TOTL), sour",YES - continuous single-source series,,"Directly comparable. World Bank WDI mid-year for 39 countries; Taiwan is the registered (household-registration) year-end population, which excludes foreign residents."
JPN,Japan,foreign_born,0,0/22,,,,NO - no data,,"Comparable in concept (born abroad) but sources differ in date and basis (Eurostat 1 January; OECD dates vary by country; UN DESA benchmark years, citizenship basis for some countries). Includes naturalised citizens."
JPN,Japan,foreign_nationals,22,22/22,2001-2022,A,OECD International Migration Database (stocks of foreign pop,YES - continuous single-source series,,"Closest match to ""non-nationals"". Not compiled as an annual series by every country; affected by naturalisation rates, so not a pure migration indicator. Some countries have census years only."
JPN,Japan,irregular_stock,0,0/22,,,,NO - no data,,"Not comparable across countries. Estimation method, year and definition differ."
JPN,Japan,irregular_proxy_overstayers,12,12/22,2010-2022,B,"Global Detention Project, Japan Immigration Detention Profil | Immigration Services Agency of Japan (Ministry of Justice),  | 出入国在留管理庁 本邦における不法残留者数について (Immigration Services Agency of Ja",CAUTION - 10+ years but more than one source in the series,missing years inside 2010-2022: 2016,"Not comparable across countries. A heterogeneous stock proxy: register counts (Korea; Taiwan, all categories), official estimates (Japan, New Zealand; Australia's unlawful non-citizens, a broader group than overstayers) and one component (Israel). The universe differs by country."
JPN,Japan,irregular_proxy_detections,0,0/22,,,,NO - no data,,"Not comparable across countries, and an annual FLOW of detections, not a stock. Unit differs by source (Eurostat: persons, once per year; Mexico: events). Driven by enforcement intensity and position on migration routes."
KOR,Korea (South),population,22,22/22,2001-2022,A,"World Bank, World Development Indicators (SP.POP.TOTL), sour",YES - continuous single-source series,,"Directly comparable. World Bank WDI mid-year for 39 countries; Taiwan is the registered (household-registration) year-end population, which excludes foreign residents."
KOR,Korea (South),foreign_born,4,4/22,2005-2020,A,UN DESA International Migrant Stock (World Bank indicator SM | UN DESA International Migrant Stock (retrieved via World Ban,NO - too few years for a trend (use as a level only),"missing years inside 2005-2020: 2006, 2007, 2008, 2009, 2011, 2012, 2013, 2014, 2016, 2017, 2018, 2019","Comparable in concept (born abroad) but sources differ in date and basis (Eurostat 1 January; OECD dates vary by country; UN DESA benchmark years, citizenship basis for some countries). Includes naturalised citizens."
KOR,Korea (South),foreign_nationals,22,22/22,2001-2022,A,OECD International Migration Database (stocks of foreign pop,YES - continuous single-source series,,"Closest match to ""non-nationals"". Not compiled as an annual series by every country; affected by naturalisation rates, so not a pure migration indicator. Some countries have census years only."
KOR,Korea (South),irregular_stock,0,0/22,,,,NO - no data,,"Not comparable across countries. Estimation method, year and definition differ."
KOR,Korea (South),irregular_proxy_overstayers,10,10/22,2010-2022,A,"Ministry of Justice of Korea, Immigration and Foreign Policy | 법무부 출입국·외국인정책본부, 2015년도 출입국·외국인정책 통계연보, 표 6-1 연도별 불법체류자 현황 (",CAUTION - 10+ years but more than one source in the series,"missing years inside 2010-2022: 2016, 2017, 2019","Not comparable across countries. A heterogeneous stock proxy: register counts (Korea; Taiwan, all categories), official estimates (Japan, New Zealand; Australia's unlawful non-citizens, a broader group than overstayers) and one component (Israel). The universe differs by country."
KOR,Korea (South),irregular_proxy_detections,0,0/22,,,,NO - no data,,"Not comparable across countries, and an annual FLOW of detections, not a stock. Unit differs by source (Eurostat: persons, once per year; Mexico: events). Driven by enforcement intensity and position on migration routes."
LTU,Lithuania,population,22,22/22,2001-2022,A,"World Bank, World Development Indicators (SP.POP.TOTL), sour",YES - continuous single-source series,,"Directly comparable. World Bank WDI mid-year for 39 countries; Taiwan is the registered (household-registration) year-end population, which excludes foreign residents."
LTU,Lithuania,foreign_born,22,22/22,2001-2022,A,Eurostat [migr_pop3ctb] | OECD International Migration Database (stocks of foreign-bor,CAUTION - 10+ years but more than one source in the series,,"Comparable in concept (born abroad) but sources differ in date and basis (Eurostat 1 January; OECD dates vary by country; UN DESA benchmark years, citizenship basis for some countries). Includes naturalised citizens."
LTU,Lithuania,foreign_nationals,22,22/22,2001-2022,A,Eurostat [migr_pop1ctz],YES - continuous single-source series,,"Closest match to ""non-nationals"". Not compiled as an annual series by every country; affected by naturalisation rates, so not a pure migration indicator. Some countries have census years only."
LTU,Lithuania,irregular_stock,0,0/22,,,,NO - no data,,"Not comparable across countries. Estimation method, year and definition differ."
LTU,Lithuania,irregular_proxy_overstayers,0,0/22,,,,NO - no data,,"Not comparable across countries. A heterogeneous stock proxy: register counts (Korea; Taiwan, all categories), official estimates (Japan, New Zealand; Australia's unlawful non-citizens, a broader group than overstayers) and one component (Israel). The universe differs by country."
LTU,Lithuania,irregular_proxy_detections,13,13/22,2010-2022,A,"Eurostat, Third country nationals found to be illegally pres",YES - continuous single-source series,,"Not comparable across countries, and an annual FLOW of detections, not a stock. Unit differs by source (Eurostat: persons, once per year; Mexico: events). Driven by enforcement intensity and position on migration routes."
MEX,Mexico,population,22,22/22,2001-2022,A,"World Bank, World Development Indicators (SP.POP.TOTL), sour",YES - continuous single-source series,,"Directly comparable. World Bank WDI mid-year for 39 countries; Taiwan is the registered (household-registration) year-end population, which excludes foreign residents."
MEX,Mexico,foreign_born,13,13/22,2005-2020,A,OECD International Migration Database (stocks of foreign-bor,"CAUTION - single source, but years are missing inside the span","missing years inside 2005-2020: 2016, 2017, 2019","Comparable in concept (born abroad) but sources differ in date and basis (Eurostat 1 January; OECD dates vary by country; UN DESA benchmark years, citizenship basis for some countries). Includes naturalised citizens."
MEX,Mexico,foreign_nationals,12,12/22,2010-2022,A,OECD International Migration Database (stocks of foreign pop,"CAUTION - single source, but years are missing inside the span",missing years inside 2010-2022: 2014,"Closest match to ""non-nationals"". Not compiled as an annual series by every country; affected by naturalisation rates, so not a pure migration indicator. Some countries have census years only."
MEX,Mexico,irregular_stock,0,0/22,,,,NO - no data,,"Not comparable across countries. Estimation method, year and definition differ."
MEX,Mexico,irregular_proxy_overstayers,0,0/22,,,,NO - no data,,"Not comparable across countries. A heterogeneous stock proxy: register counts (Korea; Taiwan, all categories), official estimates (Japan, New Zealand; Australia's unlawful non-citizens, a broader group than overstayers) and one component (Israel). The universe differs by country."
MEX,Mexico,irregular_proxy_detections,6,6/22,2017-2022,B,"Unidad de Politica Migratoria, Registro e Identidad de Perso",CAUTION - partial coverage,,"Not comparable across countries, and an annual FLOW of detections, not a stock. Unit differs by source (Eurostat: persons, once per year; Mexico: events). Driven by enforcement intensity and position on migration routes."
NLD,Netherlands,population,22,22/22,2001-2022,A,"World Bank, World Development Indicators (SP.POP.TOTL), sour",YES - continuous single-source series,,"Directly comparable. World Bank WDI mid-year for 39 countries; Taiwan is the registered (household-registration) year-end population, which excludes foreign residents."
NLD,Netherlands,foreign_born,22,22/22,2001-2022,A,Eurostat [migr_pop3ctb] | OECD International Migration Database (stocks of foreign-bor,CAUTION - 10+ years but more than one source in the series,,"Comparable in concept (born abroad) but sources differ in date and basis (Eurostat 1 January; OECD dates vary by country; UN DESA benchmark years, citizenship basis for some countries). Includes naturalised citizens."
NLD,Netherlands,foreign_nationals,22,22/22,2001-2022,A,Eurostat [migr_pop1ctz],YES - continuous single-source series,,"Closest match to ""non-nationals"". Not compiled as an annual series by every country; affected by naturalisation rates, so not a pure migration indicator. Some countries have census years only."
NLD,Netherlands,irregular_stock,6,6/22,2017-2022,B,"Van der Heijden, Cruyff, Lugtig, Engbersen, Van Gils (WODC/U | Van der Heijden, Cruyff, Van Gils (WODC), Schattingen onrech",CAUTION - partial coverage,,"Not comparable across countries. Estimation method, year and definition differ."
NLD,Netherlands,irregular_proxy_overstayers,0,0/22,,,,NO - no data,,"Not comparable across countries. A heterogeneous stock proxy: register counts (Korea; Taiwan, all categories), official estimates (Japan, New Zealand; Australia's unlawful non-citizens, a broader group than overstayers) and one component (Israel). The universe differs by country."
NLD,Netherlands,irregular_proxy_detections,13,13/22,2010-2022,A,"Eurostat, Third country nationals found to be illegally pres","CAUTION - single source, but the publisher flags a break in the series",publisher flags a break in the series in 2015,"Not comparable across countries, and an annual FLOW of detections, not a stock. Unit differs by source (Eurostat: persons, once per year; Mexico: events). Driven by enforcement intensity and position on migration routes."
NZL,New Zealand,population,22,22/22,2001-2022,A,"World Bank, World Development Indicators (SP.POP.TOTL), sour",YES - continuous single-source series,,"Directly comparable. World Bank WDI mid-year for 39 countries; Taiwan is the registered (household-registration) year-end population, which excludes foreign residents."
NZL,New Zealand,foreign_born,8,8/22,2001-2020,A,OECD International Migration Database (stocks of foreign-bor | UN DESA International Migrant Stock (World Bank indicator SM | UN DESA International Migrant Stock (retrieved via World Ban,"CAUTION - partial coverage, with gaps","missing years inside 2001-2020: 2002, 2003, 2004, 2007, 2008, 2009, 2011, 2012, 2014, 2016, 2017, 2019","Comparable in concept (born abroad) but sources differ in date and basis (Eurostat 1 January; OECD dates vary by country; UN DESA benchmark years, citizenship basis for some countries). Includes naturalised citizens."
NZL,New Zealand,foreign_nationals,0,0/22,,,,NO - no data,,"Closest match to ""non-nationals"". Not compiled as an annual series by every country; affected by naturalisation rates, so not a pure migration indicator. Some countries have census years only."
NZL,New Zealand,irregular_stock,0,0/22,,,,NO - no data,,"Not comparable across countries. Estimation method, year and definition differ."
NZL,New Zealand,irregular_proxy_overstayers,7,7/22,2010-2017,B,"Immigration New Zealand (MBIE), 'OVERSTAYERS' factsheet, Oct | Immigration New Zealand, New estimate of people who have ove","CAUTION - partial coverage, with gaps",missing years inside 2010-2017: 2015,"Not comparable across countries. A heterogeneous stock proxy: register counts (Korea; Taiwan, all categories), official estimates (Japan, New Zealand; Australia's unlawful non-citizens, a broader group than overstayers) and one component (Israel). The universe differs by country."
NZL,New Zealand,irregular_proxy_detections,0,0/22,,,,NO - no data,,"Not comparable across countries, and an annual FLOW of detections, not a stock. Unit differs by source (Eurostat: persons, once per year; Mexico: events). Driven by enforcement intensity and position on migration routes."
NOR,Norway,population,22,22/22,2001-2022,A,"World Bank, World Development Indicators (SP.POP.TOTL), sour",YES - continuous single-source series,,"Directly comparable. World Bank WDI mid-year for 39 countries; Taiwan is the registered (household-registration) year-end population, which excludes foreign residents."
NOR,Norway,foreign_born,22,22/22,2001-2022,A,Eurostat [migr_pop3ctb] | OECD International Migration Database (stocks of foreign-bor,CAUTION - 10+ years but more than one source in the series,,"Comparable in concept (born abroad) but sources differ in date and basis (Eurostat 1 January; OECD dates vary by country; UN DESA benchmark years, citizenship basis for some countries). Includes naturalised citizens."
NOR,Norway,foreign_nationals,22,22/22,2001-2022,A,Eurostat [migr_pop1ctz],YES - continuous single-source series,,"Closest match to ""non-nationals"". Not compiled as an annual series by every country; affected by naturalisation rates, so not a pure migration indicator. Some countries have census years only."
NOR,Norway,irregular_stock,0,0/22,,,,NO - no data,,"Not comparable across countries. Estimation method, year and definition differ."
NOR,Norway,irregular_proxy_overstayers,0,0/22,,,,NO - no data,,"Not comparable across countries. A heterogeneous stock proxy: register counts (Korea; Taiwan, all categories), official estimates (Japan, New Zealand; Australia's unlawful non-citizens, a broader group than overstayers) and one component (Israel). The universe differs by country."
NOR,Norway,irregular_proxy_detections,13,13/22,2010-2022,A,"Eurostat, Third country nationals found to be illegally pres",YES - continuous single-source series,,"Not comparable across countries, and an annual FLOW of detections, not a stock. Unit differs by source (Eurostat: persons, once per year; Mexico: events). Driven by enforcement intensity and position on migration routes."
PHL,Philippines,population,22,22/22,2001-2022,A,"World Bank, World Development Indicators (SP.POP.TOTL), sour",YES - continuous single-source series,,"Directly comparable. World Bank WDI mid-year for 39 countries; Taiwan is the registered (household-registration) year-end population, which excludes foreign residents."
PHL,Philippines,foreign_born,4,4/22,2005-2020,A,UN DESA International Migrant Stock (World Bank indicator SM,NO - too few years for a trend (use as a level only),"missing years inside 2005-2020: 2006, 2007, 2008, 2009, 2011, 2012, 2013, 2014, 2016, 2017, 2018, 2019","Comparable in concept (born abroad) but sources differ in date and basis (Eurostat 1 January; OECD dates vary by country; UN DESA benchmark years, citizenship basis for some countries). Includes naturalised citizens."
PHL,Philippines,foreign_nationals,2,2/22,2010-2020,B,National Statistics Office (Philippines) - 2010 Census of Po | Philippine Statistics Authority - Foreign Citizens in the Co,NO - too few years for a trend (use as a level only),"missing years inside 2010-2020: 2011, 2012, 2013, 2014, 2015, 2016, 2017, 2018, 2019","Closest match to ""non-nationals"". Not compiled as an annual series by every country; affected by naturalisation rates, so not a pure migration indicator. Some countries have census years only."
PHL,Philippines,irregular_stock,0,0/22,,,,NO - no data,,"Not comparable across countries. Estimation method, year and definition differ."
PHL,Philippines,irregular_proxy_overstayers,0,0/22,,,,NO - no data,,"Not comparable across countries. A heterogeneous stock proxy: register counts (Korea; Taiwan, all categories), official estimates (Japan, New Zealand; Australia's unlawful non-citizens, a broader group than overstayers) and one component (Israel). The universe differs by country."
PHL,Philippines,irregular_proxy_detections,0,0/22,,,,NO - no data,,"Not comparable across countries, and an annual FLOW of detections, not a stock. Unit differs by source (Eurostat: persons, once per year; Mexico: events). Driven by enforcement intensity and position on migration routes."
POL,Poland,population,22,22/22,2001-2022,A,"World Bank, World Development Indicators (SP.POP.TOTL), sour",YES - continuous single-source series,,"Directly comparable. World Bank WDI mid-year for 39 countries; Taiwan is the registered (household-registration) year-end population, which excludes foreign residents."
POL,Poland,foreign_born,15,15/22,2001-2022,A,Eurostat [migr_pop3ctb] | OECD International Migration Database (stocks of foreign-bor,CAUTION - 10+ years but more than one source in the series,"missing years inside 2001-2022: 2002, 2003, 2004, 2005, 2006, 2007, 2008","Comparable in concept (born abroad) but sources differ in date and basis (Eurostat 1 January; OECD dates vary by country; UN DESA benchmark years, citizenship basis for some countries). Includes naturalised citizens."
POL,Poland,foreign_nationals,22,22/22,2001-2022,A,Eurostat [migr_pop1ctz] | OECD International Migration Database (stocks of foreign pop,CAUTION - 10+ years but more than one source in the series,,"Closest match to ""non-nationals"". Not compiled as an annual series by every country; affected by naturalisation rates, so not a pure migration indicator. Some countries have census years only."
POL,Poland,irregular_stock,0,0/22,,,,NO - no data,,"Not comparable across countries. Estimation method, year and definition differ."
POL,Poland,irregular_proxy_overstayers,0,0/22,,,,NO - no data,,"Not comparable across countries. A heterogeneous stock proxy: register counts (Korea; Taiwan, all categories), official estimates (Japan, New Zealand; Australia's unlawful non-citizens, a broader group than overstayers) and one component (Israel). The universe differs by country."
POL,Poland,irregular_proxy_detections,13,13/22,2010-2022,A,"Eurostat, Third country nationals found to be illegally pres",YES - continuous single-source series,,"Not comparable across countries, and an annual FLOW of detections, not a stock. Unit differs by source (Eurostat: persons, once per year; Mexico: events). Driven by enforcement intensity and position on migration routes."
PRT,Portugal,population,22,22/22,2001-2022,A,"World Bank, World Development Indicators (SP.POP.TOTL), sour",YES - continuous single-source series,,"Directly comparable. World Bank WDI mid-year for 39 countries; Taiwan is the registered (household-registration) year-end population, which excludes foreign residents."
PRT,Portugal,foreign_born,15,15/22,2002-2022,A,Eurostat [migr_pop3ctb] | OECD International Migration Database (stocks of foreign-bor,CAUTION - 10+ years but more than one source in the series,"missing years inside 2002-2022: 2003, 2004, 2005, 2006, 2007, 2008","Comparable in concept (born abroad) but sources differ in date and basis (Eurostat 1 January; OECD dates vary by country; UN DESA benchmark years, citizenship basis for some countries). Includes naturalised citizens."
PRT,Portugal,foreign_nationals,22,22/22,2001-2022,A,Eurostat [migr_pop1ctz] | OECD International Migration Database (stocks of foreign pop,CAUTION - 10+ years but more than one source in the series,,"Closest match to ""non-nationals"". Not compiled as an annual series by every country; affected by naturalisation rates, so not a pure migration indicator. Some countries have census years only."
PRT,Portugal,irregular_stock,0,0/22,,,,NO - no data,,"Not comparable across countries. Estimation method, year and definition differ."
PRT,Portugal,irregular_proxy_overstayers,0,0/22,,,,NO - no data,,"Not comparable across countries. A heterogeneous stock proxy: register counts (Korea; Taiwan, all categories), official estimates (Japan, New Zealand; Australia's unlawful non-citizens, a broader group than overstayers) and one component (Israel). The universe differs by country."
PRT,Portugal,irregular_proxy_detections,13,13/22,2010-2022,A,"Eurostat, Third country nationals found to be illegally pres",YES - continuous single-source series,,"Not comparable across countries, and an annual FLOW of detections, not a stock. Unit differs by source (Eurostat: persons, once per year; Mexico: events). Driven by enforcement intensity and position on migration routes."
RUS,Russia,population,22,22/22,2001-2022,A,"World Bank, World Development Indicators (SP.POP.TOTL), sour",YES - continuous single-source series,,"Directly comparable. World Bank WDI mid-year for 39 countries; Taiwan is the registered (household-registration) year-end population, which excludes foreign residents."
RUS,Russia,foreign_born,5,5/22,2002-2020,A,Rosstat (State Committee of the Russian Federation on Statis | UN DESA International Migrant Stock (World Bank indicator SM,"CAUTION - partial coverage, with gaps","missing years inside 2002-2020: 2003, 2004, 2006, 2007, 2008, 2009, 2011, 2012, 2013, 2014, 2016, 2017, 2018, 2019","Comparable in concept (born abroad) but sources differ in date and basis (Eurostat 1 January; OECD dates vary by country; UN DESA benchmark years, citizenship basis for some countries). Includes naturalised citizens."
RUS,Russia,foreign_nationals,1,1/22,2002-2002,B,Rosstat (State Committee of the Russian Federation on Statis,NO - too few years for a trend (use as a level only),,"Closest match to ""non-nationals"". Not compiled as an annual series by every country; affected by naturalisation rates, so not a pure migration indicator. Some countries have census years only."
RUS,Russia,irregular_stock,0,0/22,,,,NO - no data,,"Not comparable across countries. Estimation method, year and definition differ."
RUS,Russia,irregular_proxy_overstayers,0,0/22,,,,NO - no data,,"Not comparable across countries. A heterogeneous stock proxy: register counts (Korea; Taiwan, all categories), official estimates (Japan, New Zealand; Australia's unlawful non-citizens, a broader group than overstayers) and one component (Israel). The universe differs by country."
RUS,Russia,irregular_proxy_detections,0,0/22,,,,NO - no data,,"Not comparable across countries, and an annual FLOW of detections, not a stock. Unit differs by source (Eurostat: persons, once per year; Mexico: events). Driven by enforcement intensity and position on migration routes."
SVK,Slovak Republic,population,22,22/22,2001-2022,A,"World Bank, World Development Indicators (SP.POP.TOTL), sour",YES - continuous single-source series,,"Directly comparable. World Bank WDI mid-year for 39 countries; Taiwan is the registered (household-registration) year-end population, which excludes foreign residents."
SVK,Slovak Republic,foreign_born,14,14/22,2008-2022,A,Eurostat [migr_pop3ctb] | OECD International Migration Database (stocks of foreign-bor,CAUTION - 10+ years but more than one source in the series,missing years inside 2008-2022: 2009,"Comparable in concept (born abroad) but sources differ in date and basis (Eurostat 1 January; OECD dates vary by country; UN DESA benchmark years, citizenship basis for some countries). Includes naturalised citizens."
SVK,Slovak Republic,foreign_nationals,22,22/22,2001-2022,A,Eurostat [migr_pop1ctz] | OECD International Migration Database (stocks of foreign pop,CAUTION - 10+ years but more than one source in the series,"publisher flags a break in the series in 2004, 2009","Closest match to ""non-nationals"". Not compiled as an annual series by every country; affected by naturalisation rates, so not a pure migration indicator. Some countries have census years only."
SVK,Slovak Republic,irregular_stock,0,0/22,,,,NO - no data,,"Not comparable across countries. Estimation method, year and definition differ."
SVK,Slovak Republic,irregular_proxy_overstayers,0,0/22,,,,NO - no data,,"Not comparable across countries. A heterogeneous stock proxy: register counts (Korea; Taiwan, all categories), official estimates (Japan, New Zealand; Australia's unlawful non-citizens, a broader group than overstayers) and one component (Israel). The universe differs by country."
SVK,Slovak Republic,irregular_proxy_detections,13,13/22,2010-2022,A,"Eurostat, Third country nationals found to be illegally pres",YES - continuous single-source series,,"Not comparable across countries, and an annual FLOW of detections, not a stock. Unit differs by source (Eurostat: persons, once per year; Mexico: events). Driven by enforcement intensity and position on migration routes."
SVN,Slovenia,population,22,22/22,2001-2022,A,"World Bank, World Development Indicators (SP.POP.TOTL), sour",YES - continuous single-source series,,"Directly comparable. World Bank WDI mid-year for 39 countries; Taiwan is the registered (household-registration) year-end population, which excludes foreign residents."
SVN,Slovenia,foreign_born,22,22/22,2001-2022,A,Eurostat [migr_pop3ctb] | OECD International Migration Database (stocks of foreign-bor,CAUTION - 10+ years but more than one source in the series,publisher flags a break in the series in 2009,"Comparable in concept (born abroad) but sources differ in date and basis (Eurostat 1 January; OECD dates vary by country; UN DESA benchmark years, citizenship basis for some countries). Includes naturalised citizens."
SVN,Slovenia,foreign_nationals,22,22/22,2001-2022,A,Eurostat [migr_pop1ctz],"CAUTION - single source, but the publisher flags a break in the series",publisher flags a break in the series in 2009,"Closest match to ""non-nationals"". Not compiled as an annual series by every country; affected by naturalisation rates, so not a pure migration indicator. Some countries have census years only."
SVN,Slovenia,irregular_stock,0,0/22,,,,NO - no data,,"Not comparable across countries. Estimation method, year and definition differ."
SVN,Slovenia,irregular_proxy_overstayers,0,0/22,,,,NO - no data,,"Not comparable across countries. A heterogeneous stock proxy: register counts (Korea; Taiwan, all categories), official estimates (Japan, New Zealand; Australia's unlawful non-citizens, a broader group than overstayers) and one component (Israel). The universe differs by country."
SVN,Slovenia,irregular_proxy_detections,13,13/22,2010-2022,A,"Eurostat, Third country nationals found to be illegally pres",YES - continuous single-source series,,"Not comparable across countries, and an annual FLOW of detections, not a stock. Unit differs by source (Eurostat: persons, once per year; Mexico: events). Driven by enforcement intensity and position on migration routes."
ZAF,South Africa,population,22,22/22,2001-2022,A,"World Bank, World Development Indicators (SP.POP.TOTL), sour",YES - continuous single-source series,,"Directly comparable. World Bank WDI mid-year for 39 countries; Taiwan is the registered (household-registration) year-end population, which excludes foreign residents."
ZAF,South Africa,foreign_born,8,8/22,2001-2022,A,Statistics South Africa - Census 2011 (as tabulated in the C | Statistics South Africa - Census 2022 Statistical Release P0 | Statistics South Africa - Community Survey 2016 (presented t | UN DESA International Migrant Stock (World Bank indicator SM,"CAUTION - partial coverage, with gaps","missing years inside 2001-2022: 2002, 2003, 2004, 2006, 2007, 2008, 2009, 2012, 2013, 2014, 2017, 2018, 2019, 2021","Comparable in concept (born abroad) but sources differ in date and basis (Eurostat 1 January; OECD dates vary by country; UN DESA benchmark years, citizenship basis for some countries). Includes naturalised citizens."
ZAF,South Africa,foreign_nationals,0,0/22,,,,NO - no data,,"Closest match to ""non-nationals"". Not compiled as an annual series by every country; affected by naturalisation rates, so not a pure migration indicator. Some countries have census years only."
ZAF,South Africa,irregular_stock,0,0/22,,,,NO - no data,,"Not comparable across countries. Estimation method, year and definition differ."
ZAF,South Africa,irregular_proxy_overstayers,0,0/22,,,,NO - no data,,"Not comparable across countries. A heterogeneous stock proxy: register counts (Korea; Taiwan, all categories), official estimates (Japan, New Zealand; Australia's unlawful non-citizens, a broader group than overstayers) and one component (Israel). The universe differs by country."
ZAF,South Africa,irregular_proxy_detections,0,0/22,,,,NO - no data,,"Not comparable across countries, and an annual FLOW of detections, not a stock. Unit differs by source (Eurostat: persons, once per year; Mexico: events). Driven by enforcement intensity and position on migration routes."
ESP,Spain,population,22,22/22,2001-2022,A,"World Bank, World Development Indicators (SP.POP.TOTL), sour",YES - continuous single-source series,,"Directly comparable. World Bank WDI mid-year for 39 countries; Taiwan is the registered (household-registration) year-end population, which excludes foreign residents."
ESP,Spain,foreign_born,22,22/22,2001-2022,A,Eurostat [migr_pop3ctb] | OECD International Migration Database (stocks of foreign-bor,CAUTION - 10+ years but more than one source in the series,,"Comparable in concept (born abroad) but sources differ in date and basis (Eurostat 1 January; OECD dates vary by country; UN DESA benchmark years, citizenship basis for some countries). Includes naturalised citizens."
ESP,Spain,foreign_nationals,22,22/22,2001-2022,A,Eurostat [migr_pop1ctz] | OECD International Migration Database (stocks of foreign pop,CAUTION - 10+ years but more than one source in the series,,"Closest match to ""non-nationals"". Not compiled as an annual series by every country; affected by naturalisation rates, so not a pure migration indicator. Some countries have census years only."
ESP,Spain,irregular_stock,6,6/22,2017-2022,B,"Funcas (2024), Estimacion de la poblacion en situacion irreg",CAUTION - partial coverage,,"Not comparable across countries. Estimation method, year and definition differ."
ESP,Spain,irregular_proxy_overstayers,0,0/22,,,,NO - no data,,"Not comparable across countries. A heterogeneous stock proxy: register counts (Korea; Taiwan, all categories), official estimates (Japan, New Zealand; Australia's unlawful non-citizens, a broader group than overstayers) and one component (Israel). The universe differs by country."
ESP,Spain,irregular_proxy_detections,13,13/22,2010-2022,A,"Eurostat, Third country nationals found to be illegally pres",YES - continuous single-source series,,"Not comparable across countries, and an annual FLOW of detections, not a stock. Unit differs by source (Eurostat: persons, once per year; Mexico: events). Driven by enforcement intensity and position on migration routes."
SUR,Suriname,population,22,22/22,2001-2022,A,"World Bank, World Development Indicators (SP.POP.TOTL), sour",YES - continuous single-source series,,"Directly comparable. World Bank WDI mid-year for 39 countries; Taiwan is the registered (household-registration) year-end population, which excludes foreign residents."
SUR,Suriname,foreign_born,5,5/22,2005-2020,A,General Bureau of Statistics Suriname (ABS) - Census 8 (2012 | UN DESA International Migrant Stock (World Bank indicator SM,"CAUTION - partial coverage, with gaps","missing years inside 2005-2020: 2006, 2007, 2008, 2009, 2011, 2013, 2014, 2016, 2017, 2018, 2019","Comparable in concept (born abroad) but sources differ in date and basis (Eurostat 1 January; OECD dates vary by country; UN DESA benchmark years, citizenship basis for some countries). Includes naturalised citizens."
SUR,Suriname,foreign_nationals,1,1/22,2012-2012,B,General Bureau of Statistics Suriname (ABS) - Census 8 (2012,NO - too few years for a trend (use as a level only),,"Closest match to ""non-nationals"". Not compiled as an annual series by every country; affected by naturalisation rates, so not a pure migration indicator. Some countries have census years only."
SUR,Suriname,irregular_stock,0,0/22,,,,NO - no data,,"Not comparable across countries. Estimation method, year and definition differ."
SUR,Suriname,irregular_proxy_overstayers,0,0/22,,,,NO - no data,,"Not comparable across countries. A heterogeneous stock proxy: register counts (Korea; Taiwan, all categories), official estimates (Japan, New Zealand; Australia's unlawful non-citizens, a broader group than overstayers) and one component (Israel). The universe differs by country."
SUR,Suriname,irregular_proxy_detections,0,0/22,,,,NO - no data,,"Not comparable across countries, and an annual FLOW of detections, not a stock. Unit differs by source (Eurostat: persons, once per year; Mexico: events). Driven by enforcement intensity and position on migration routes."
SWE,Sweden,population,22,22/22,2001-2022,A,"World Bank, World Development Indicators (SP.POP.TOTL), sour",YES - continuous single-source series,,"Directly comparable. World Bank WDI mid-year for 39 countries; Taiwan is the registered (household-registration) year-end population, which excludes foreign residents."
SWE,Sweden,foreign_born,22,22/22,2001-2022,A,Eurostat [migr_pop3ctb] | OECD International Migration Database (stocks of foreign-bor,CAUTION - 10+ years but more than one source in the series,,"Comparable in concept (born abroad) but sources differ in date and basis (Eurostat 1 January; OECD dates vary by country; UN DESA benchmark years, citizenship basis for some countries). Includes naturalised citizens."
SWE,Sweden,foreign_nationals,22,22/22,2001-2022,A,Eurostat [migr_pop1ctz],YES - continuous single-source series,,"Closest match to ""non-nationals"". Not compiled as an annual series by every country; affected by naturalisation rates, so not a pure migration indicator. Some countries have census years only."
SWE,Sweden,irregular_stock,0,0/22,,,,NO - no data,,"Not comparable across countries. Estimation method, year and definition differ."
SWE,Sweden,irregular_proxy_overstayers,0,0/22,,,,NO - no data,,"Not comparable across countries. A heterogeneous stock proxy: register counts (Korea; Taiwan, all categories), official estimates (Japan, New Zealand; Australia's unlawful non-citizens, a broader group than overstayers) and one component (Israel). The universe differs by country."
SWE,Sweden,irregular_proxy_detections,13,13/22,2010-2022,A,"Eurostat, Third country nationals found to be illegally pres","CAUTION - single source, but the publisher flags a break in the series","publisher flags a break in the series in 2014, 2015","Not comparable across countries, and an annual FLOW of detections, not a stock. Unit differs by source (Eurostat: persons, once per year; Mexico: events). Driven by enforcement intensity and position on migration routes."
CHE,Switzerland,population,22,22/22,2001-2022,A,"World Bank, World Development Indicators (SP.POP.TOTL), sour",YES - continuous single-source series,,"Directly comparable. World Bank WDI mid-year for 39 countries; Taiwan is the registered (household-registration) year-end population, which excludes foreign residents."
CHE,Switzerland,foreign_born,13,13/22,2001-2022,A,Eurostat [migr_pop3ctb] | OECD International Migration Database (stocks of foreign-bor,CAUTION - 10+ years but more than one source in the series,"missing years inside 2001-2022: 2002, 2003, 2004, 2005, 2006, 2007, 2008, 2009, 2010; publisher flags a break in the series in 2011","Comparable in concept (born abroad) but sources differ in date and basis (Eurostat 1 January; OECD dates vary by country; UN DESA benchmark years, citizenship basis for some countries). Includes naturalised citizens."
CHE,Switzerland,foreign_nationals,22,22/22,2001-2022,A,Eurostat [migr_pop1ctz],"CAUTION - single source, but the publisher flags a break in the series",publisher flags a break in the series in 2011,"Closest match to ""non-nationals"". Not compiled as an annual series by every country; affected by naturalisation rates, so not a pure migration indicator. Some countries have census years only."
CHE,Switzerland,irregular_stock,2,2/22,2015-2017,B,"Pew Research Center (2019), Europe's Unauthorized Immigrant  | SRF News, ""SEM schatzt Zahl der Sans-Papiers in der Schweiz ",NO - too few years for a trend (use as a level only),missing years inside 2015-2017: 2016,"Not comparable across countries. Estimation method, year and definition differ."
CHE,Switzerland,irregular_proxy_overstayers,0,0/22,,,,NO - no data,,"Not comparable across countries. A heterogeneous stock proxy: register counts (Korea; Taiwan, all categories), official estimates (Japan, New Zealand; Australia's unlawful non-citizens, a broader group than overstayers) and one component (Israel). The universe differs by country."
CHE,Switzerland,irregular_proxy_detections,13,13/22,2010-2022,A,"Eurostat, Third country nationals found to be illegally pres",YES - continuous single-source series,,"Not comparable across countries, and an annual FLOW of detections, not a stock. Unit differs by source (Eurostat: persons, once per year; Mexico: events). Driven by enforcement intensity and position on migration routes."
TWN,Taiwan,population,22,22/22,2001-2022,B,"National Development Council, Taiwan Statistical Data Book 2 | 內政部統計處 內政統計年報 108年版 (MOI Dept. of Statistics, Statistical Ye | 內政部統計處 內政統計月報 115年5月 (MOI Dept. of Statistics, Monthly Bulle",CAUTION - 10+ years but more than one source in the series,,"Directly comparable. World Bank WDI mid-year for 39 countries; Taiwan is the registered (household-registration) year-end population, which excludes foreign residents."
TWN,Taiwan,foreign_born,0,0/22,,,,NO - no data,,"Comparable in concept (born abroad) but sources differ in date and basis (Eurostat 1 January; OECD dates vary by country; UN DESA benchmark years, citizenship basis for some countries). Includes naturalised citizens."
TWN,Taiwan,foreign_nationals,22,22/22,2001-2022,A,"Taiwan Ministry of the Interior, Department of Statistics (內 | Taiwan Ministry of the Interior, Department of Statistics, s",CAUTION - 10+ years but more than one source in the series,,"Closest match to ""non-nationals"". Not compiled as an annual series by every country; affected by naturalisation rates, so not a pure migration indicator. Some countries have census years only."
TWN,Taiwan,irregular_stock,0,0/22,,,,NO - no data,,"Not comparable across countries. Estimation method, year and definition differ."
TWN,Taiwan,irregular_proxy_overstayers,9,9/22,2012-2020,B,"National Immigration Agency (內政部移民署), as tabulated in the Le | National Immigration Agency (內政部移民署), reported by the Legisl",CAUTION - partial coverage,,"Not comparable across countries. A heterogeneous stock proxy: register counts (Korea; Taiwan, all categories), official estimates (Japan, New Zealand; Australia's unlawful non-citizens, a broader group than overstayers) and one component (Israel). The universe differs by country."
TWN,Taiwan,irregular_proxy_detections,0,0/22,,,,NO - no data,,"Not comparable across countries, and an annual FLOW of detections, not a stock. Unit differs by source (Eurostat: persons, once per year; Mexico: events). Driven by enforcement intensity and position on migration routes."
THA,Thailand,population,22,22/22,2001-2022,A,"World Bank, World Development Indicators (SP.POP.TOTL), sour",YES - continuous single-source series,,"Directly comparable. World Bank WDI mid-year for 39 countries; Taiwan is the registered (household-registration) year-end population, which excludes foreign residents."
THA,Thailand,foreign_born,4,4/22,2005-2020,A,UN DESA International Migrant Stock (World Bank indicator SM,NO - too few years for a trend (use as a level only),"missing years inside 2005-2020: 2006, 2007, 2008, 2009, 2011, 2012, 2013, 2014, 2016, 2017, 2018, 2019","Comparable in concept (born abroad) but sources differ in date and basis (Eurostat 1 January; OECD dates vary by country; UN DESA benchmark years, citizenship basis for some countries). Includes naturalised citizens."
THA,Thailand,foreign_nationals,1,1/22,2018-2018,B,IOM / United Nations Thailand - Thailand Migration Report 20,NO - too few years for a trend (use as a level only),,"Closest match to ""non-nationals"". Not compiled as an annual series by every country; affected by naturalisation rates, so not a pure migration indicator. Some countries have census years only."
THA,Thailand,irregular_stock,0,0/22,,,,NO - no data,,"Not comparable across countries. Estimation method, year and definition differ."
THA,Thailand,irregular_proxy_overstayers,0,0/22,,,,NO - no data,,"Not comparable across countries. A heterogeneous stock proxy: register counts (Korea; Taiwan, all categories), official estimates (Japan, New Zealand; Australia's unlawful non-citizens, a broader group than overstayers) and one component (Israel). The universe differs by country."
THA,Thailand,irregular_proxy_detections,0,0/22,,,,NO - no data,,"Not comparable across countries, and an annual FLOW of detections, not a stock. Unit differs by source (Eurostat: persons, once per year; Mexico: events). Driven by enforcement intensity and position on migration routes."
TUR,Turkey,population,22,22/22,2001-2022,A,"World Bank, World Development Indicators (SP.POP.TOTL), sour",YES - continuous single-source series,,"Directly comparable. World Bank WDI mid-year for 39 countries; Taiwan is the registered (household-registration) year-end population, which excludes foreign residents."
TUR,Turkey,foreign_born,10,10/22,2001-2022,A,OECD International Migration Database (stocks of foreign-bor,"CAUTION - single source, but years are missing inside the span","missing years inside 2001-2022: 2002, 2003, 2004, 2005, 2006, 2007, 2008, 2009, 2010, 2011, 2012, 2013","Comparable in concept (born abroad) but sources differ in date and basis (Eurostat 1 January; OECD dates vary by country; UN DESA benchmark years, citizenship basis for some countries). Includes naturalised citizens."
TUR,Turkey,foreign_nationals,16,16/22,2001-2022,A,OECD International Migration Database (stocks of foreign pop,"CAUTION - single source, but years are missing inside the span","missing years inside 2001-2022: 2002, 2003, 2004, 2005, 2006, 2007","Closest match to ""non-nationals"". Not compiled as an annual series by every country; affected by naturalisation rates, so not a pure migration indicator. Some countries have census years only."
TUR,Turkey,irregular_stock,0,0/22,,,,NO - no data,,"Not comparable across countries. Estimation method, year and definition differ."
TUR,Turkey,irregular_proxy_overstayers,0,0/22,,,,NO - no data,,"Not comparable across countries. A heterogeneous stock proxy: register counts (Korea; Taiwan, all categories), official estimates (Japan, New Zealand; Australia's unlawful non-citizens, a broader group than overstayers) and one component (Israel). The universe differs by country."
TUR,Turkey,irregular_proxy_detections,8,8/22,2010-2022,B,"Ada Ş. (2024), Türkiye'de düzensiz göç ile mücadele, Göç İda","CAUTION - partial coverage, with gaps","missing years inside 2010-2022: 2011, 2012, 2013, 2016, 2017","Not comparable across countries, and an annual FLOW of detections, not a stock. Unit differs by source (Eurostat: persons, once per year; Mexico: events). Driven by enforcement intensity and position on migration routes."
GBR,United Kingdom,population,22,22/22,2001-2022,A,"World Bank, World Development Indicators (SP.POP.TOTL), sour",YES - continuous single-source series,,"Directly comparable. World Bank WDI mid-year for 39 countries; Taiwan is the registered (household-registration) year-end population, which excludes foreign residents."
GBR,United Kingdom,foreign_born,18,18/22,2004-2021,A,"Eurostat [migr_pop3ctb] | OECD International Migration Database (stocks of foreign-bor | ONS, Population of the UK by country of birth and nationalit | Office for National Statistics, Population by country of bir",CAUTION - 10+ years but more than one source in the series,,"Comparable in concept (born abroad) but sources differ in date and basis (Eurostat 1 January; OECD dates vary by country; UN DESA benchmark years, citizenship basis for some countries). Includes naturalised citizens."
GBR,United Kingdom,foreign_nationals,21,21/22,2001-2021,A,"Eurostat [migr_pop1ctz] | OECD International Migration Database (stocks of foreign pop | ONS, Population of the UK by country of birth and nationalit",CAUTION - 10+ years but more than one source in the series,,"Closest match to ""non-nationals"". Not compiled as an annual series by every country; affected by naturalisation rates, so not a pure migration indicator. Some countries have census years only."
GBR,United Kingdom,irregular_stock,1,1/22,2017-2017,C,"Pew Research Center (2019, revised 18 March 2025), Appendix ",NO - too few years for a trend (use as a level only),,"Not comparable across countries. Estimation method, year and definition differ."
GBR,United Kingdom,irregular_proxy_overstayers,0,0/22,,,,NO - no data,,"Not comparable across countries. A heterogeneous stock proxy: register counts (Korea; Taiwan, all categories), official estimates (Japan, New Zealand; Australia's unlawful non-citizens, a broader group than overstayers) and one component (Israel). The universe differs by country."
GBR,United Kingdom,irregular_proxy_detections,10,10/22,2010-2019,A,"Eurostat, Third country nationals found to be illegally pres",YES - continuous single-source series,,"Not comparable across countries, and an annual FLOW of detections, not a stock. Unit differs by source (Eurostat: persons, once per year; Mexico: events). Driven by enforcement intensity and position on migration routes."
USA,United States,population,22,22/22,2001-2022,A,"World Bank, World Development Indicators (SP.POP.TOTL), sour",YES - continuous single-source series,,"Directly comparable. World Bank WDI mid-year for 39 countries; Taiwan is the registered (household-registration) year-end population, which excludes foreign residents."
USA,United States,foreign_born,22,22/22,2001-2022,A,OECD International Migration Database (stocks of foreign-bor,YES - continuous single-source series,,"Comparable in concept (born abroad) but sources differ in date and basis (Eurostat 1 January; OECD dates vary by country; UN DESA benchmark years, citizenship basis for some countries). Includes naturalised citizens."
USA,United States,foreign_nationals,22,22/22,2001-2022,A,OECD International Migration Database (stocks of foreign pop,YES - continuous single-source series,,"Closest match to ""non-nationals"". Not compiled as an annual series by every country; affected by naturalisation rates, so not a pure migration indicator. Some countries have census years only."
USA,United States,irregular_stock,13,13/22,2010-2022,B,"DHS Office of Homeland Security Statistics (Baker & Warren 2 | DHS Office of Homeland Security Statistics, Estimates of the | Pew Research Center, Q&A: How Pew Research Center estimates ",CAUTION - 10+ years but more than one source in the series,,"Not comparable across countries. Estimation method, year and definition differ."
USA,United States,irregular_proxy_overstayers,0,0/22,,,,NO - no data,,"Not comparable across countries. A heterogeneous stock proxy: register counts (Korea; Taiwan, all categories), official estimates (Japan, New Zealand; Australia's unlawful non-citizens, a broader group than overstayers) and one component (Israel). The universe differs by country."
USA,United States,irregular_proxy_detections,0,0/22,,,,NO - no data,,"Not comparable across countries, and an annual FLOW of detections, not a stock. Unit differs by source (Eurostat: persons, once per year; Mexico: events). Driven by enforcement intensity and position on migration routes."
