iso3,variable,extension_source,published_series_source,overlap_years,mean_gap_pct,min_gap_pct,max_gap_pct,first_year_extended,last_year_extended,cells
AUT,foreign_born,OECD International Migration Database,Eurostat [migr_pop3ctb],13,0.222,0.029,0.441,2001,2007,7
BEL,foreign_born,OECD International Migration Database,Eurostat [migr_pop3ctb],13,0.295,0.03,1.413,2001,2008,8
CHE,foreign_born,OECD International Migration Database,Eurostat [migr_pop3ctb],12,4.286,2.86,6.949,2001,2001,1
CZE,foreign_born,OECD International Migration Database,Eurostat [migr_pop3ctb],12,10.95,0.0,92.074,2001,2001,1
DEU,foreign_born,OECD International Migration Database,Eurostat [migr_pop3ctb],13,1.565,-9.138,17.541,2006,2008,3
DNK,foreign_born,OECD International Migration Database,Eurostat [migr_pop3ctb],13,-15.472,-17.243,-14.068,2001,2008,8
ESP,foreign_born,OECD International Migration Database,Eurostat [migr_pop3ctb],13,0.005,-0.256,0.163,2001,2001,1
FIN,foreign_born,OECD International Migration Database,Eurostat [migr_pop3ctb],13,2.42,2.022,3.24,2001,2008,8
FRA,foreign_born,OECD International Migration Database,Eurostat [migr_pop3ctb],13,0.075,-0.304,0.623,2006,2006,1
GBR,foreign_born,OECD International Migration Database,Eurostat [migr_pop3ctb],10,-0.109,-2.246,2.317,2006,2008,3
HUN,foreign_born,OECD International Migration Database,Eurostat [migr_pop3ctb],13,0.008,-0.517,0.229,2001,2008,8
ISL,foreign_born,OECD International Migration Database,Eurostat [migr_pop3ctb],13,0.744,0.0,2.396,2001,2007,7
LTU,foreign_born,OECD International Migration Database,Eurostat [migr_pop3ctb],13,9.688,-7.068,43.797,2001,2001,1
NLD,foreign_born,OECD International Migration Database,Eurostat [migr_pop3ctb],13,0.0,0.0,0.0,2001,2008,8
NOR,foreign_born,OECD International Migration Database,Eurostat [migr_pop3ctb],13,-0.701,-0.951,0.0,2001,2008,8
POL,foreign_born,OECD International Migration Database,Eurostat [migr_pop3ctb],1,5.882,5.882,5.882,2001,2001,1
PRT,foreign_born,OECD International Migration Database,Eurostat [migr_pop3ctb],2,-5.892,-27.181,15.398,2002,2002,1
SVK,foreign_born,OECD International Migration Database,Eurostat [migr_pop3ctb],13,19.711,0.0,118.41,2008,2008,1
SVN,foreign_born,OECD International Migration Database,Eurostat [migr_pop3ctb],13,0.0,0.0,0.0,2001,2008,8
SWE,foreign_born,OECD International Migration Database,Eurostat [migr_pop3ctb],13,0.068,0.056,0.077,2001,2008,8
ESP,foreign_nationals,OECD International Migration Database,Eurostat [migr_pop1ctz],13,-0.048,-0.314,0.16,2001,2001,1
FRA,foreign_nationals,OECD International Migration Database,Eurostat [migr_pop1ctz],13,-0.006,-0.082,0.0,2006,2006,1
GBR,foreign_nationals,OECD International Migration Database,Eurostat [migr_pop1ctz],10,1.199,-4.693,5.52,2002,2002,1
ISL,foreign_nationals,OECD International Migration Database,Eurostat [migr_pop1ctz],13,0.0,0.0,0.0,2007,2007,1
ITA,foreign_nationals,OECD International Migration Database,Eurostat [migr_pop1ctz],13,-0.053,-6.184,5.344,2001,2001,1
POL,foreign_nationals,OECD International Migration Database,Eurostat [migr_pop1ctz],13,0.364,0.0,2.59,2009,2009,1
PRT,foreign_nationals,OECD International Migration Database,Eurostat [migr_pop1ctz],13,7.023,0.0,13.422,2004,2005,2
SVK,foreign_nationals,OECD International Migration Database,Eurostat [migr_pop1ctz],13,-3.772,-24.481,4.862,2001,2002,2
