iso3,variable,source_url,pdf_mirror,png_screenshot,pdf_bytes,png_bytes,captured,snapshot_status,archived_html,note
AUS,irregular_proxy_overstayers,https://press-files.anu.edu.au/downloads/press/n4016/html/ch02.xhtml,SNAPSHOT__irregular_proxy_overstayer__press-files.anu.edu.au_downloads_press_n4016_h.pdf,SNAPSHOT__irregular_proxy_overstayer__press-files.anu.edu.au_downloads_press_n4016_h.png,448737,562577,2026-08-17,live_render_verified,irregular_proxy_overstayers__6b569b4ed3__press-files.anu.edu.au.html,
AUT,irregular_stock,https://www.pewresearch.org/global/2019/11/13/europes-unauthorized-immigrant-population-peaks-in-2016-then-levels-off/,SNAPSHOT__irregular_stock__www.pewresearch.org_global_2019_11_13_europes-.pdf,SNAPSHOT__irregular_stock__www.pewresearch.org_global_2019_11_13_europes-.png,904196,567620,2026-08-17,live_render_verified,irregular_stock__dccd321871__www.pewresearch.org.html,
CHE,irregular_stock,https://www.pewresearch.org/global/2019/11/13/europes-unauthorized-immigrant-population-peaks-in-2016-then-levels-off/,SNAPSHOT__irregular_stock__www.pewresearch.org_global_2019_11_13_europes-.pdf,SNAPSHOT__irregular_stock__www.pewresearch.org_global_2019_11_13_europes-.png,904196,567620,2026-08-17,live_render_verified,irregular_stock__dccd321871__www.pewresearch.org.html,
CHE,irregular_stock,https://www.srf.ch/news/schweiz/schweiz-sem-schaetzt-zahl-der-sans-papiers-in-der-schweiz-auf-76-000,SNAPSHOT__irregular_stock__SRF_SEM_sanspapiers__2026-08-18.pdf,SNAPSHOT__irregular_stock__SRF_SEM_sanspapiers__2026-08-18.png,3723918,732779,2026-08-18,live_render_verified,irregular_stock__SRF_SEM_76000_sanspapiers_CORROBORATION.html,Captured after this source became the cited authority on 2026-08-18.
CHL,irregular_stock,https://www.ine.gob.cl/sala-de-prensa/prensa/general/noticia/2023/12/29/poblaci%C3%B3n-extranjera-residente-en-chile-super%C3%B3-los-1-6-millones-de-personas-en-2022-con-un-6-6-de-ellas-en-situaci%C3%B3n-irregular,SNAPSHOT__irregular_stock__www.ine.gob.cl_sala-de-prensa_prensa_general_n.pdf,SNAPSHOT__irregular_stock__www.ine.gob.cl_sala-de-prensa_prensa_general_n.png,233935,991877,2026-08-17,live_render_verified,irregular_stock__84522ec4c7__www.ine.gob.cl.html,
CHN,foreign_nationals,https://www.stats.gov.cn/english/NewsEvents/201104/t20110429_26451.html,SNAPSHOT__foreign_nationals__www.stats.gov.cn_english_NewsEvents_201104_t20.pdf,SNAPSHOT__foreign_nationals__www.stats.gov.cn_english_NewsEvents_201104_t20.png,236877,290607,2026-08-17,live_render_verified,foreign_nationals__06858e32fc__www.stats.gov.cn.html,
CHN,foreign_nationals,https://www.stats.gov.cn/english/PressRelease/202105/t20210510_1817193.html,SNAPSHOT__foreign_nationals__www.stats.gov.cn_english_PressRelease_202105_t.pdf,SNAPSHOT__foreign_nationals__www.stats.gov.cn_english_PressRelease_202105_t.png,233546,271773,2026-08-17,live_render_verified,foreign_nationals__0bdd1c303b__www.stats.gov.cn.html,
CZE,irregular_stock,https://www.pewresearch.org/global/2019/11/13/europes-unauthorized-immigrant-population-peaks-in-2016-then-levels-off/,SNAPSHOT__irregular_stock__www.pewresearch.org_global_2019_11_13_europes-.pdf,SNAPSHOT__irregular_stock__www.pewresearch.org_global_2019_11_13_europes-.png,904196,567620,2026-08-17,live_render_verified,irregular_stock__dccd321871__www.pewresearch.org.html,
DEU,irregular_stock,https://www.bpb.de/themen/migration-integration/regionalprofile/deutschland/256275/irregulaere-migration-in-deutschland/,SNAPSHOT__irregular_stock__www.bpb.de_themen_migration-integration_region.pdf,SNAPSHOT__irregular_stock__www.bpb.de_themen_migration-integration_region.png,218188,1692225,2026-08-17,live_render_verified,irregular_stock__f2d4f3db84__www.bpb.de.html,
DEU,irregular_stock,https://www.pewresearch.org/global/2019/11/13/europes-unauthorized-immigrant-population-peaks-in-2016-then-levels-off/,SNAPSHOT__irregular_stock__www.pewresearch.org_global_2019_11_13_europes-.pdf,SNAPSHOT__irregular_stock__www.pewresearch.org_global_2019_11_13_europes-.png,904196,567620,2026-08-17,live_render_verified,irregular_stock__dccd321871__www.pewresearch.org.html,
ESP,irregular_stock,https://www.pewresearch.org/global/2019/11/13/europes-unauthorized-immigrant-population-peaks-in-2016-then-levels-off/,SNAPSHOT__irregular_stock__www.pewresearch.org_global_2019_11_13_europes-.pdf,SNAPSHOT__irregular_stock__www.pewresearch.org_global_2019_11_13_europes-.png,904196,567620,2026-08-17,live_render_verified,irregular_stock__dccd321871__www.pewresearch.org.html,
FRA,irregular_stock,https://www.pewresearch.org/global/2019/11/13/europes-unauthorized-immigrant-population-peaks-in-2016-then-levels-off/,SNAPSHOT__irregular_stock__www.pewresearch.org_global_2019_11_13_europes-.pdf,SNAPSHOT__irregular_stock__www.pewresearch.org_global_2019_11_13_europes-.png,904196,567620,2026-08-17,live_render_verified,irregular_stock__dccd321871__www.pewresearch.org.html,
GBR,foreign_born,https://www.ons.gov.uk/peoplepopulationandcommunity/populationandmigration/internationalmigration/bulletins/ukpopulationbycountryofbirthandnationality/yearendingjune2020,SNAPSHOT__foreign_born__www.ons.gov.uk_peoplepopulationandcommunity_po.pdf,SNAPSHOT__foreign_born__www.ons.gov.uk_peoplepopulationandcommunity_po.png,414477,447017,2026-08-17,live_render_verified,foreign_born__e1040217f2__www.ons.gov.uk.html,
GBR,foreign_born,https://www.ons.gov.uk/peoplepopulationandcommunity/populationandmigration/internationalmigration/bulletins/ukpopulationbycountryofbirthandnationality/yearendingjune2021,SNAPSHOT__foreign_born__www.ons.gov.uk_peoplepopulationandcommunity_po.pdf,SNAPSHOT__foreign_born__www.ons.gov.uk_peoplepopulationandcommunity_po.png,414477,447017,2026-08-17,live_render_verified,foreign_born__f269f649a7__www.ons.gov.uk.html,
GBR,irregular_stock,https://www.pewresearch.org/global/2019/11/13/eu-unauthorized-immigrants-appendix-e-updated-unauthorized-immigrant-population-estimates-for-europe-and-the-united-kingdom-2014-2017/,SNAPSHOT__irregular_stock__www.pewresearch.org_global_2019_11_13_eu-unaut.pdf,SNAPSHOT__irregular_stock__www.pewresearch.org_global_2019_11_13_eu-unaut.png,559771,524808,2026-08-17,live_render_verified,irregular_stock__dc9847ae35__www.pewresearch.org.html,
HRV,foreign_born,https://web.dzs.hr/eng/censuses/census2011/results/htm/e01_01_25/E01_01_25.html,SNAPSHOT__foreign_born__web.dzs.hr_eng_censuses_census2011_results_htm.pdf,SNAPSHOT__foreign_born__web.dzs.hr_eng_censuses_census2011_results_htm.png,506529,326749,2026-08-17,live_render_verified,foreign_born__a2e888f94b__web.dzs.hr.html,
HRV,foreign_nationals,https://web.dzs.hr/eng/censuses/census2011/results/htm/e01_01_06/e01_01_06_RH.html,SNAPSHOT__foreign_nationals__web.dzs.hr_eng_censuses_census2011_results_htm.pdf,SNAPSHOT__foreign_nationals__web.dzs.hr_eng_censuses_census2011_results_htm.png,177798,136686,2026-08-17,live_render_verified,foreign_nationals__f43cbc3a6d__web.dzs.hr.html,
ITA,irregular_stock,https://test.ismu.org/en/data-on-migration/,SNAPSHOT__irregular_stock__ISMU_data_on_migration__2026-08-18.pdf,SNAPSHOT__irregular_stock__ISMU_data_on_migration__2026-08-18.png,3710519,164898,2026-08-18,live_render_verified,irregular_stock__ISMU_data_on_migration_CORROBORATION.html,Captured after this source became the cited authority on 2026-08-18.
ITA,irregular_stock,https://www.ismu.org/comunicato-stampa-xxv-rapporto-ismu/,MIRROR__irregular_stock__ISMU_XXV_Rapporto_2019_comunicato.pdf,MIRROR__irregular_stock__ISMU_XXV_Rapporto_2019_comunicato.png,2634268,629981,2026-08-18,rendered_from_archived_html,irregular_stock__ISMU_XXV_Rapporto_2019_comunicato.html,"The publisher answers a direct request but serves an HTTP 403 bot wall to a browser, so this is rendered from the archived copy retrieved on 2026-08-18, which states 562mila."
ITA,irregular_stock,https://www.ismu.org/xxvii-rapporto-sulle-migrazioni-2021-comunicato-stampa-11-2-2022/,MIRROR__irregular_stock__ISMU_XXVII_Rapporto_2021_comunicato.pdf,MIRROR__irregular_stock__ISMU_XXVII_Rapporto_2021_comunicato.png,1576869,509393,2026-08-18,rendered_from_archived_html,irregular_stock__ISMU_XXVII_Rapporto_2021_comunicato.html,"The publisher answers a direct request but serves an HTTP 403 bot wall to a browser, so this is rendered from the archived copy retrieved on 2026-08-18, which states 519mila."
ITA,irregular_stock,https://www.neodemos.info/2018/07/27/irregolari-sanatorie-e-rimpatri/,SNAPSHOT__irregular_stock__www.neodemos.info_2018_07_27_irregolari-sanato.pdf,SNAPSHOT__irregular_stock__www.neodemos.info_2018_07_27_irregolari-sanato.png,3547094,1148122,2026-08-17,live_render_verified,irregular_stock__eeb1002910__www.neodemos.info.html,
ITA,irregular_stock,https://www.pewresearch.org/global/2019/11/13/europes-unauthorized-immigrant-population-peaks-in-2016-then-levels-off/,SNAPSHOT__irregular_stock__www.pewresearch.org_global_2019_11_13_europes-.pdf,SNAPSHOT__irregular_stock__www.pewresearch.org_global_2019_11_13_europes-.png,904196,567620,2026-08-17,live_render_verified,irregular_stock__dccd321871__www.pewresearch.org.html,
ITA,irregular_stock,https://www.vita.it/rapporto-ismu-calano-gli-sbarcati-ma-sale-la-quota-degli-irregolari/,SNAPSHOT__irregular_stock__www.vita.it_rapporto-ismu-calano-gli-sbarcati-.pdf,SNAPSHOT__irregular_stock__www.vita.it_rapporto-ismu-calano-gli-sbarcati-.png,2262035,1070947,2026-08-17,live_render_verified,irregular_stock__77693a7efa__www.vita.it.html,
JPN,irregular_proxy_overstayers,https://www.globaldetentionproject.org/countries/asia-pacific/japan,SNAPSHOT__irregular_proxy_overstayer__www.globaldetentionproject.org_countries_asia-.pdf,SNAPSHOT__irregular_proxy_overstayer__www.globaldetentionproject.org_countries_asia-.png,6081685,1651652,2026-08-17,live_render_verified,irregular_proxy_overstayers__d9d919a65a__www.globaldetentionproject.o.html,
JPN,irregular_proxy_overstayers,https://www.moj.go.jp/isa/publications/press/13_00003.html,SNAPSHOT__irregular_proxy_overstayer__www.moj.go.jp_isa_publications_press_13_00003.__from_archived_html.pdf,SNAPSHOT__irregular_proxy_overstayer__www.moj.go.jp_isa_publications_press_13_00003.__from_archived_html.png,258401,377751,2026-08-17,rendered_from_archived_html,irregular_proxy_overstayers__9ff4b8949e__www.moj.go.jp.html,
JPN,irregular_proxy_overstayers,https://www.moj.go.jp/isa/publications/press/13_00013.html,SNAPSHOT__irregular_proxy_overstayer__www.moj.go.jp_isa_publications_press_13_00013.__from_archived_html.pdf,SNAPSHOT__irregular_proxy_overstayer__www.moj.go.jp_isa_publications_press_13_00013.__from_archived_html.png,233291,377751,2026-08-17,rendered_from_archived_html,irregular_proxy_overstayers__b84a36a0c9__www.moj.go.jp.html,
KOR,irregular_proxy_overstayers,https://www.ekw.co.kr/news/articleView.html?idxno=11130,SNAPSHOT__irregular_proxy_overstayer__www.ekw.co.kr_news_articleView.html_idxno_1113.pdf,SNAPSHOT__irregular_proxy_overstayer__www.ekw.co.kr_news_articleView.html_idxno_1113.png,8839295,1782049,2026-08-17,live_render_verified,irregular_proxy_overstayers__f55526aebb__www.ekw.co.kr.html,
KOR,irregular_proxy_overstayers,https://www.korea.kr/archive/expDocView.do?docId=38074,SNAPSHOT__irregular_proxy_overstayers__MOJ_yearbook2015_korea_kr__2026-08-18.pdf,SNAPSHOT__irregular_proxy_overstayers__MOJ_yearbook2015_korea_kr__2026-08-18.png,1194416,543826,2026-08-18,live_render_verified,irregular_proxy_overstayers__MOJ_yearbook2015_ch6_pp74-75.pdf,Captured after this source became the cited authority on 2026-08-18.
KOR,irregular_proxy_overstayers,https://www.moj.go.kr/moj/2415/subview.do,,irregular__MOJ_illegal_stay_table_2021_2025_SCREENSHOT.jpg,0,55232,2026-08-17,interactive_browser_capture,,JavaScript-rendered table; captured in an interactive browser session.
KOR,irregular_proxy_overstayers,https://www.moj.go.kr/moj/2415/subview.do,,irregular__MOJ_illegal_stay_page_header_SCREENSHOT.jpg,0,69721,2026-08-17,interactive_browser_capture,,"Page header, interactive browser session."
NLD,irregular_stock,https://www.wodc.nl/actueel/nieuws/2020/12/16/nieuwe-schatting-voor-de-periode-medio-2017---medio-2018,SNAPSHOT__irregular_stock__www.wodc.nl_actueel_nieuws_2020_12_16_nieuwe-s.pdf,SNAPSHOT__irregular_stock__www.wodc.nl_actueel_nieuws_2020_12_16_nieuwe-s.png,160061,200149,2026-08-17,live_render_verified,irregular_stock__6dc83bd3ff__www.wodc.nl.html,
NLD,irregular_stock,https://www.wodc.nl/actueel/nieuws/2026/03/31/nieuwe-schattingen-beschikbaar-over-het-aantal-vreemdelingen-zonder-verblijfsvergunning,SNAPSHOT__irregular_stock__www.wodc.nl_actueel_nieuws_2026_03_31_nieuwe-s.pdf,SNAPSHOT__irregular_stock__www.wodc.nl_actueel_nieuws_2026_03_31_nieuwe-s.png,667595,635531,2026-08-17,live_render_verified,irregular_stock__7ab05f83a3__www.wodc.nl.html,
PHL,foreign_nationals,https://psa.gov.ph/content/foreign-citizens-country-2020-census-population-and-housing,,foreign_nationals__PSA_2020CPH_foreign_citizens_SCREENSHOT.jpg,0,93248,2026-08-17,interactive_browser_capture,,Bot-check blocks scripted clients; captured in an interactive browser session.
PHL,foreign_nationals,https://www.sunstar.com.ph/bacolod/nearly-200000-foreigners-living-in-philippines-census,SNAPSHOT__foreign_nationals__www.sunstar.com.ph_bacolod_nearly-200000-forei.pdf,SNAPSHOT__foreign_nationals__www.sunstar.com.ph_bacolod_nearly-200000-forei.png,3027967,1032844,2026-08-17,live_render_verified,foreign_nationals__8847422287__www.sunstar.com.ph.html,
RUS,irregular_stock,https://www.themoscowtimes.com/2021/04/16/russia-tells-illegal-migrants-from-post-soviet-countries-to-leave-by-june-15-a73623,SNAPSHOT__irregular_stock__www.themoscowtimes.com_2021_04_16_russia-tells.pdf,SNAPSHOT__irregular_stock__www.themoscowtimes.com_2021_04_16_russia-tells.png,4974507,1451138,2026-08-17,live_render_verified,irregular_stock__dcc58afd38__www.themoscowtimes.com.html,
TUR,irregular_proxy_detections,https://www.dha.com.tr/gundem/guzel-yasam-icin-hedef-ulke-turkiyede-20-yilda-2-6-milyon-duzensiz-gocmen-yakalandi-2478884,SNAPSHOT__irregular_proxy_detections__www.dha.com.tr_gundem_guzel-yasam-icin-hedef-u.pdf,SNAPSHOT__irregular_proxy_detections__www.dha.com.tr_gundem_guzel-yasam-icin-hedef-u.png,4972810,2249555,2026-08-17,live_render_verified,irregular_proxy_detections__95138086f6__www.dha.com.tr.html,
TWN,irregular,https://www.ly.gov.tw/Pages/Detail.aspx?nodeid=33342&pid=184411,SNAPSHOT__irregular__www.ly.gov.tw_Pages_Detail.aspx_nodeid_33342_p.pdf,SNAPSHOT__irregular__www.ly.gov.tw_Pages_Detail.aspx_nodeid_33342_p.png,518603,382561,2026-08-17,live_render_verified,irregular__539a03cf36__www.ly.gov.tw.html,
TWN,irregular,https://www.ly.gov.tw/Pages/Detail.aspx?nodeid=45128&pid=211927,SNAPSHOT__irregular__www.ly.gov.tw_Pages_Detail.aspx_nodeid_45128_p.pdf,SNAPSHOT__irregular__www.ly.gov.tw_Pages_Detail.aspx_nodeid_45128_p.png,432687,545430,2026-08-17,live_render_verified,irregular__40806cb930__www.ly.gov.tw.html,
TWN,irregular_proxy_overstayers,https://www.ly.gov.tw/Pages/Detail.aspx?nodeid=33580&pid=188916,SNAPSHOT__irregular_proxy_overstayer__www.ly.gov.tw_Pages_Detail.aspx_nodeid_33580_p.pdf,SNAPSHOT__irregular_proxy_overstayer__www.ly.gov.tw_Pages_Detail.aspx_nodeid_33580_p.png,421202,529279,2026-08-17,live_render_verified,irregular_proxy_overstayers__5d0d32cf1c__www.ly.gov.tw.html,
USA,irregular,https://www.pewresearch.org/short-reads/2024/07/22/what-we-know-about-unauthorized-immigrants-living-in-the-us/,SNAPSHOT__irregular__www.pewresearch.org_short-reads_2024_07_22_wha.pdf,SNAPSHOT__irregular__www.pewresearch.org_short-reads_2024_07_22_wha.png,1952069,625367,2026-08-17,live_render_verified,irregular__4b5c514e18__www.pewresearch.org.html,
USA,irregular_stock,https://cmsny.org/us-undocumented-population-increased-in-july-2023-warren-090624/,SNAPSHOT__irregular_stock__cmsny.org_us-undocumented-population-increased__from_archived_html.pdf,SNAPSHOT__irregular_stock__cmsny.org_us-undocumented-population-increased__from_archived_html.png,951646,1413327,2026-08-17,rendered_from_archived_html,irregular_stock__693e3d8133__cmsny.org.html,
USA,irregular_stock,https://journals.sagepub.com/doi/10.1177/23315024241226624,SNAPSHOT__irregular_stock__journals.sagepub.com_doi_10.1177_2331502424122__from_archived_html.pdf,SNAPSHOT__irregular_stock__journals.sagepub.com_doi_10.1177_2331502424122__from_archived_html.png,1668712,469045,2026-08-17,rendered_from_archived_html,irregular_stock__acbbe0d526__journals.sagepub.com.html,
USA,irregular_stock,https://www.migrationpolicy.org/commentary/diverse-flows-drive-increase-us-unauthorized-immigrant-population,SNAPSHOT__irregular_stock__www.migrationpolicy.org_commentary_diverse-flo__from_archived_html.pdf,SNAPSHOT__irregular_stock__www.migrationpolicy.org_commentary_diverse-flo__from_archived_html.png,237758,207201,2026-08-17,rendered_from_archived_html,irregular_stock__a21b7d97cf__www.migrationpolicy.org.html,
USA,irregular_stock,https://www.pewresearch.org/race-and-ethnicity/2011/02/01/unauthorized-immigrant-population-brnational-and-state-trends-2010/,SNAPSHOT__irregular_stock__www.pewresearch.org_race-and-ethnicity_2011_02.pdf,SNAPSHOT__irregular_stock__www.pewresearch.org_race-and-ethnicity_2011_02.png,692011,406112,2026-08-17,live_render_verified,irregular_stock__1db68f77f4__www.pewresearch.org.html,
USA,irregular_stock,https://www.pewresearch.org/race-and-ethnicity/feature/unauthorized-trends/,SNAPSHOT__irregular_stock__www.pewresearch.org_race-and-ethnicity_feature.pdf,SNAPSHOT__irregular_stock__www.pewresearch.org_race-and-ethnicity_feature.png,209992,233679,2026-08-17,live_render_verified,irregular_stock__6832664b64__www.pewresearch.org.html,
USA,irregular_stock,https://www.pewresearch.org/short-reads/2025/08/22/qa-how-pew-research-center-estimates-the-number-of-unauthorized-immigrants-living-in-the-us/,SNAPSHOT__irregular_stock__www.pewresearch.org_short-reads_2025_08_22_qa-.pdf,SNAPSHOT__irregular_stock__www.pewresearch.org_short-reads_2025_08_22_qa-.png,663327,460854,2026-08-17,live_render_verified,irregular_stock__5f9277ca27__www.pewresearch.org.html,
TWN,foreign_nationals,"https://statis.moi.gov.tw/micst/webMain.aspx?sys=220&kind=21&type=1&funid=c0930103&cycle=4&outmode=12&utf=1&compmode=0&outkind=3&fldspc=0,29,&codlst0=111&codspc1=0,1,2,15,18,4,&rdm=ajdqUe3i&ym=8500&ymt=11100",SNAPSHOT__foreign_nationals__MOI_statis_c0930103_totals_extract.pdf,SNAPSHOT__foreign_nationals__MOI_statis_c0930103_totals_extract.png,67153,69923,2026-10-07,page_extract,foreign_nationals__MOI_statis_c0930103_ROC85-111__retrieved_2026-10-07.csv,"Yearly totals read from the archived CSV (the CSV itself is 1,600 rows long)."
TWN,population,https://ws.ndc.gov.tw/Download.ashx?u=LzAwMS9hZG1pbmlzdHJhdG9yLzExL3JlbGZpbGUvNTgxNy8zMjg0Mi9lMGI5MDNmOC02MDliLTQ4ODAtOTAxNy0yN2JmYzg4M2QyYWQucGRm&n=VGFpd2FuIFN0YXRpc3RpY2FsIERhdGEgQm9vayAyMDE5LnBkZg%3D%3D&icon=..pdf,SNAPSHOT__population__NDC_TaiwanStatisticalDataBook2019_p51_table2-2.pdf,SNAPSHOT__population__NDC_TaiwanStatisticalDataBook2019_p51_table2-2.png,17721,18596,2026-10-07,page_extract,population__NDC_TaiwanStatisticalDataBook2019.pdf,"Page 51 of the Taiwan Statistical Data Book 2019 (Table 2-2, Population, End of Year), cut out so the table can be read without opening the 432-page file."
ZAF,foreign_born,https://census.statssa.gov.za/assets/documents/2022/P03014_Census_2022_Statistical_Release.pdf,SNAPSHOT__foreign_born__StatsSA_Census2022Release_p41_figure3-1.pdf,SNAPSHOT__foreign_born__StatsSA_Census2022Release_p41_figure3-1.png,313167,16263,2026-10-07,page_extract,foreign_born__c204ed0e2a__census.statssa.gov.za.pdf,"Page 41 of Census 2022 Statistical Release P0301.4: Figure 3.1, population born outside South Africa, Census 1996-2022."
IND,foreign_born,https://censusindia.gov.in/nada/index.php/catalog/19293,SNAPSHOT__foreign_born__ORGI_Census2001_D01_India_extract.pdf,SNAPSHOT__foreign_born__ORGI_Census2001_D01_India_extract.png,49789,51284,2026-10-07,page_extract,foreign_born__ORGI_Census2001_D01_India__catalog-19293.html,"Rows of Table D-01 (India) used for the 2001 value, rendered from the archived workbook; the workbook and the catalogue page are archived beside it."
RUS,foreign_nationals,https://unstats.un.org/unsd/demographic/meetings/egm/migrationegm06/DOC%2017%20Russia.pdf,SNAPSHOT__foreign_born__UN_EGM2006_Antonova_Russia_p5_census2002.pdf,SNAPSHOT__foreign_born__UN_EGM2006_Antonova_Russia_p5_census2002.png,91357,40057,2026-10-07,page_extract,foreign_born__UN_EGM2006_Antonova_Russia_ESA-STAT-AC119-17.pdf,"Page 5 of the UN expert-group paper: the 2002 census figures by place of birth and by citizenship, with Table 1."
GBR,foreign_nationals,https://www.ons.gov.uk/file?uri=/peoplepopulationandcommunity/populationandmigration/populationestimates/datasets/populationbycountryofbirthandnationality/2004/underlyingdatasheetsforpopulationbycountryofbirthandnationalityjan04todec04_tcm77-409287.xls,SNAPSHOT__foreign_born__ONS_APS_jan04-dec04_extract.pdf,SNAPSHOT__foreign_born__ONS_APS_jan04-dec04_extract.png,45830,39996,2026-10-07,page_extract,foreign_born__ONS_APS_jan04-dec04_historical-edition.xls,"Rows of Tables A and E used for 2004, rendered from the archived workbook, which is archived beside it."
GBR,foreign_nationals,https://www.ons.gov.uk/file?uri=/peoplepopulationandcommunity/populationandmigration/populationestimates/datasets/populationbycountryofbirthandnationality/2005/underlyingdatasheetsforpopulationbycountryofbirthandnationalityjan05todec05_tcm77-409283.xls,SNAPSHOT__foreign_born__ONS_APS_jan05-dec05_extract.pdf,SNAPSHOT__foreign_born__ONS_APS_jan05-dec05_extract.png,45202,39842,2026-10-07,page_extract,foreign_born__ONS_APS_jan05-dec05_historical-edition.xls,"Rows of Tables A and E used for 2005, rendered from the archived workbook, which is archived beside it."
