iso3,variable,years,n_obs,workbook,source_name,source_url,retrieval_status,local_file,note,superseded_source_name,superseded_source_url
CHE,foreign_born,2001-2001,1,EXTENSION,"OECD International Migration Database (stocks of foreign-born population, measure B14)","https://sdmx.oecd.org/public/rest/data/OECD.ELS.IMD,DSD_MIG_F@DF_MIG_POPF,1.0/AUS+AUT+BEL+BGR+CHE+CHL+CHN+CZE+DEU+DNK+ESP+FIN+FRA+GBR+HRV+HUN+IND+ISL+ISR+ITA+JPN+KOR+LTU+MEX+NLD+NOR+NZL+PHL+POL+PRT+RUS+SUR+SVK+SVN+SWE+THA+TUR+TWN+USA+ZAF.W.A.B14._T._Z._Z.PS?startPeriod=2001&endPeriod=2022&format=jsondata&dimensionAtObservation=AllDimensions",VERIFIED_API,evidence/api/oecd/OECD_B14_foreign-born_2001-2022_retrieved_2026-10-07.json,Read directly from the live source on 2026-10-07; the raw response is archived at evidence/api/oecd/OECD_B14_foreign-born_2001-2022_retrieved_2026-10-07.json. The values already published for 2010-2022 reproduce exactly from the same response.,,
CHE,foreign_born,2010-2020,3,FILE1,"UN DESA Population Division, International Migrant Stock 2024: Total destination, Table 1",https://www.un.org/development/desa/pd/sites/www.un.org.development.desa.pd/files/undesa_pd_2024_ims_stock_by_sex_and_destination.xlsx,VERIFIED_API,(see ../../data_raw/),Re-queried live and compared value by value on 2026-08-17,,
CHE,foreign_born,2011-2022,12,FILE2,Eurostat [migr_pop3ctb],https://ec.europa.eu/eurostat/api/dissemination/statistics/1.0/data/migr_pop3ctb?format=JSON&lang=EN&geo=CH&age=TOTAL&sex=T&unit=NR&c_birth=FOR&sinceTimePeriod=2010&untilTimePeriod=2022,VERIFIED_API,(see ../../data_raw/),Re-queried live and compared value by value on 2026-08-17,,
CHE,foreign_nationals,2001-2009,9,EXTENSION,Eurostat [migr_pop1ctz],https://ec.europa.eu/eurostat/api/dissemination/statistics/1.0/data/migr_pop1ctz?format=JSON&lang=EN&age=TOTAL&sex=T&unit=NR&citizen=FOR_STLS&sinceTimePeriod=2001&untilTimePeriod=2022,VERIFIED_API,evidence/api/eurostat_migr_pop1ctz_2001-2022_retrieved_2026-10-07.json,Read directly from the live source on 2026-10-07; the raw response is archived at evidence/api/eurostat_migr_pop1ctz_2001-2022_retrieved_2026-10-07.json. The values already published for 2010-2022 reproduce exactly from the same response.,,
CHE,foreign_nationals,2010-2022,13,FILE2,Eurostat [migr_pop1ctz],https://ec.europa.eu/eurostat/api/dissemination/statistics/1.0/data/migr_pop1ctz?format=JSON&lang=EN&geo=CH&age=TOTAL&sex=T&unit=NR&citizen=FOR_STLS&sinceTimePeriod=2010&untilTimePeriod=2022,VERIFIED_API,(see ../../data_raw/),Re-queried live and compared value by value on 2026-08-17,,
CHE,irregular,2010-2022,13,FILE1,"Eurostat MIGR_EIPRE, Third-country nationals found to be illegally present – annual data (rounded)",https://ec.europa.eu/eurostat/api/dissemination/statistics/1.0/data/migr_eipre?freq=A&reason=TOTAL&apprehen=TOTAL&citizen=TOTAL&sex=T&age=TOTAL&unit=PER&geo=CH&lang=en,VERIFIED_API,(see ../../data_raw/),Re-queried live and compared value by value on 2026-08-17,,
CHE,irregular_proxy_detections,2010-2022,13,FILE2,"Eurostat, Third country nationals found to be illegally present (migr_eipre)",https://ec.europa.eu/eurostat/databrowser/view/migr_eipre/default/table,VERIFIED_API,(see ../../data_raw/),Re-queried live and compared value by value on 2026-08-17,,
CHE,irregular_stock,2014-2017,1,TRACED,"Pew Research Center (2019), Appendix B: unauthorized immigrant population trends WITH waiting asylum seekers, by country",https://www.pewresearch.org/global/2019/11/13/eu-unauthorized-immigrants-appendix-b-unauthorized-immigrant-population-trends-with-waiting-asylum-seekers-by-country/,ARCHIVED,irregular_stock__Pew2019_AppendixB_published_ranges.pdf,The published range table. Panel values are midpoints of these ranges and are flagged as derived.,,
CHE,irregular_stock,2015-2015,1,FILE2,"SRF News, ""SEM schatzt Zahl der Sans-Papiers in der Schweiz auf 76'000"" (25 April 2016), reporting the SEM study on its release",https://www.srf.ch/news/schweiz/schweiz-sem-schaetzt-zahl-der-sans-papiers-in-der-schweiz-auf-76-000,ARCHIVED,irregular_stock__SRF_SEM_76000_sanspapiers_CORROBORATION.html,"The SEM study PDF originally cited now returns HTTP 404. The 76,000 figure is stated in this report on the study's release; the study's own range was 58,000-105,000.","Morlok, Oswald, Meier, Efionayi-Mader, Ruedin, Bader, Wanner (2015), Sans-Papiers in der Schweiz 2015, State Secretariat for Migration (SEM)",https://www.sem.admin.ch/dam/sem/de/data/internationales/illegale-migration/sans_papiers/ber-sanspapiers-2015-d.pdf
CHE,irregular_stock,2017-2017,1,FILE2,"Pew Research Center (2019), Europe's Unauthorized Immigrant Population Peaks in 2016, Then Levels Off",https://www.pewresearch.org/global/2019/11/13/europes-unauthorized-immigrant-population-peaks-in-2016-then-levels-off/,ARCHIVED,irregular_stock__dccd321871__www.pewresearch.org.html,,,
CHE,population,2001-2009,9,EXTENSION,"World Bank, World Development Indicators (SP.POP.TOTL), sourced from UN World Population Prospects and national statistical offices",https://api.worldbank.org/v2/country/all/indicator/SP.POP.TOTL,VERIFIED_API,evidence/api/wb_SP_POP_TOTL_2001-2022_retrieved_2026-10-07.json,Read directly from the live source on 2026-10-07; the raw response is archived at evidence/api/wb_SP_POP_TOTL_2001-2022_retrieved_2026-10-07.json. The values already published for 2010-2022 reproduce exactly from the same response.,,
CHE,population,2010-2022,13,FILE1,"UN DESA Population Division, World Population Prospects 2024 (compact demographic indicators)",https://population.un.org/wpp/assets/Excel%20Files/1_Indicator%20(Standard)/EXCEL_FILES/1_General/WPP2024_GEN_F01_DEMOGRAPHIC_INDICATORS_COMPACT.xlsx,VERIFIED_API,(see ../../data_raw/),Re-queried live and compared value by value on 2026-08-17,,
CHE,population,2010-2022,13,FILE2,"World Bank, World Development Indicators (SP.POP.TOTL), sourced from UN World Population Prospects and national statistical offices",https://api.worldbank.org/v2/country/all/indicator/SP.POP.TOTL,VERIFIED_API,(see ../../data_raw/),Re-queried live and compared value by value on 2026-08-17,,
CHE,population_un_wpp2024,2001-2009,9,EXTENSION,"UN DESA Population Division, World Population Prospects 2024 (compact demographic indicators)",https://population.un.org/wpp/assets/Excel%20Files/1_Indicator%20(Standard)/EXCEL_FILES/1_General/WPP2024_GEN_F01_DEMOGRAPHIC_INDICATORS_COMPACT.xlsx,VERIFIED_API,evidence/api/UN_WPP2024_demographic_indicators_compact.xlsx,Read directly from the live source on 2026-10-07; the raw response is archived at evidence/api/UN_WPP2024_demographic_indicators_compact.xlsx. The values already published for 2010-2022 reproduce exactly from the same response.,,
